Allele,Locus,NDatasetsInOwnTopN_D1toD6,DatasetsInOwnTopN,NDatasetsRankable_D1toD6,DatasetsRankable,Recurring,HadTheOpportunity
B*51:01,B,2,D3+D6,3,D1+D3+D6,True,True
DRB1*01:01,DRB1,2,D2+D4,3,D1+D2+D4,True,True
DRB1*03:01,DRB1,2,D2+D4,3,D1+D2+D4,True,True
DRB1*04:01,DRB1,2,D1+D2,2,D1+D2,True,True
DRB1*04:04,DRB1,2,D1+D2,2,D1+D2,True,True
DRB1*08:01,DRB1,2,D1+D4,2,D1+D4,True,True
DRB1*11:04,DRB1,2,D1+D4,2,D1+D4,True,True
DRB1*13:01,DRB1,2,D2+D4,3,D1+D2+D4,True,True
DRB1*13:03,DRB1,2,D1+D2,2,D1+D2,True,True
DRB1*14:01,DRB1,2,D2+D4,3,D1+D2+D4,True,True
DRB1*15:01,DRB1,2,D2+D4,3,D1+D2+D4,True,True
A*02:06,A,1,D3,2,D1+D3,False,True
A*23:01,A,1,D3,2,D1+D3,False,True
A*25:01,A,1,D3,2,D1+D3,False,True
A*29:02,A,1,D6,3,D1+D3+D6,False,True
B*15:01,B,1,D3,2,D1+D3,False,True
B*18:01,B,1,D3,2,D1+D3,False,True
B*27:03,B,1,D1,1,D1,False,False
B*27:51,B,1,D1,1,D1,False,False
B*35:01,B,1,D3,2,D1+D3,False,True
B*35:03,B,1,D3,2,D1+D3,False,True
B*41:04,B,1,D1,1,D1,False,False
B*44:02,B,1,D3,2,D1+D3,False,True
B*44:03,B,1,D3,2,D1+D3,False,True
B*49:01,B,1,D3,2,D1+D3,False,True
B*54:01,B,1,D6,1,D6,False,False
B*55:01,B,1,D3,2,D1+D3,False,True
B*57:01,B,1,D6,3,D1+D3+D6,False,True
C*03:03,C,1,D3,2,D1+D3,False,True
C*03:05,C,1,D3,1,D3,False,False
C*04:01,C,1,D5,3,D1+D3+D5,False,True
C*05:01,C,1,D3,2,D1+D3,False,True
C*06:06,C,1,D3,1,D3,False,False
C*07:01,C,1,D5,3,D1+D3+D5,False,True
C*07:02,C,1,D3,2,D1+D3,False,True
C*12:03,C,1,D3,2,D1+D3,False,True
C*15:02,C,1,D3,2,D1+D3,False,True
C*16:01,C,1,D3,2,D1+D3,False,True
C*18:01,C,1,D1,1,D1,False,False
DQB1*02:01,DQB1,1,D1,1,D1,False,False
DQB1*05:04,DQB1,1,D1,1,D1,False,False
DQB1*06:03,DQB1,1,D1,1,D1,False,False
DQB1*06:05,DQB1,1,D1,1,D1,False,False
DQB1*06:09,DQB1,1,D1,1,D1,False,False
DQB1*06:34,DQB1,1,D1,1,D1,False,False
DRB1*03:02,DRB1,1,D1,1,D1,False,False
DRB1*04:02,DRB1,1,D1,1,D1,False,False
DRB1*04:08,DRB1,1,D2,2,D1+D2,False,True
DRB1*07:01,DRB1,1,D2,2,D1+D2,False,True
DRB1*08:04,DRB1,1,D1,1,D1,False,False
DRB1*09:01,DRB1,1,D2,2,D1+D2,False,True
DRB1*12:01,DRB1,1,D4,2,D1+D4,False,True
DRB1*13:21,DRB1,1,D1,1,D1,False,False
DRB1*13:27,DRB1,1,D1,1,D1,False,False
