Dataset,Locus,Allele,Total,Mis,MisclassificationRate,MisclassificationRate%,GSSlots,GSSamples
1,A,A*01:02,12,2,0.16666666666666666,16.666666666666664,1,1
1,A,A*02:24,12,2,0.16666666666666666,16.666666666666664,1,1
1,A,A*02:06,24,3,0.125,12.5,2,2
1,A,A*02:05,60,6,0.1,10.0,5,5
1,A,A*02:17,60,6,0.1,10.0,5,5
1,A,A*68:33,180,17,0.09444444444444444,9.444444444444445,15,15
1,A,A*68:11,180,17,0.09444444444444444,9.444444444444445,15,15
1,A,A*68:01,492,46,0.09349593495934959,9.34959349593496,41,41
1,A,A*29:01,108,10,0.09259259259259259,9.25925925925926,9,9
1,A,A*25:01,156,14,0.08974358974358974,8.974358974358974,13,13
1,A,A*11:21,540,46,0.08518518518518518,8.518518518518519,45,45
1,A,A*36:01,132,11,0.08333333333333333,8.333333333333332,11,11
1,A,A*02:02,60,5,0.08333333333333333,8.333333333333332,5,5
1,A,A*30:04,36,3,0.08333333333333333,8.333333333333332,3,3
1,A,A*03:02,24,2,0.08333333333333333,8.333333333333332,2,2
1,A,A*33:25,72,6,0.08333333333333333,8.333333333333332,6,6
1,A,A*33:15,72,6,0.08333333333333333,8.333333333333332,6,6
1,A,A*25:07,96,8,0.08333333333333333,8.333333333333332,8,8
1,A,A*24:24,24,2,0.08333333333333333,8.333333333333332,2,2
1,A,A*66:02,24,2,0.08333333333333333,8.333333333333332,2,2
1,A,A*34:02,24,2,0.08333333333333333,8.333333333333332,2,2
1,A,A*26:08,24,2,0.08333333333333333,8.333333333333332,2,2
1,A,A*02:11,24,2,0.08333333333333333,8.333333333333332,2,2
1,A,A*11:01,708,58,0.08192090395480225,8.192090395480225,59,59
1,A,A*24:02,708,57,0.08050847457627118,8.050847457627118,60,59
1,A,A*29:02,312,25,0.08012820512820513,8.012820512820513,26,26
1,A,A*30:01,300,24,0.08,8.0,25,25
1,A,A*24:79,564,45,0.0797872340425532,7.9787234042553195,48,47
1,A,A*24:40,564,45,0.0797872340425532,7.9787234042553195,48,47
1,A,A*24:76,564,45,0.0797872340425532,7.9787234042553195,48,47
1,A,A*24:11,564,45,0.0797872340425532,7.9787234042553195,48,47
1,A,A*24:83,564,45,0.0797872340425532,7.9787234042553195,48,47
1,A,A*24:09,564,45,0.0797872340425532,7.9787234042553195,48,47
1,A,A*33:03,204,16,0.0784313725490196,7.8431372549019605,17,17
1,A,A*26:01,336,26,0.07738095238095238,7.738095238095238,29,28
1,A,A*30:24,156,12,0.07692307692307693,7.6923076923076925,13,13
1,A,A*01:34,924,70,0.07575757575757576,7.575757575757576,80,77
1,A,A*01:22,924,70,0.07575757575757576,7.575757575757576,80,77
1,A,A*01:37,924,70,0.07575757575757576,7.575757575757576,80,77
1,A,A*01:04,924,70,0.07575757575757576,7.575757575757576,80,77
1,A,A*01:32,924,70,0.07575757575757576,7.575757575757576,80,77
1,A,A*23:01,384,29,0.07552083333333333,7.552083333333333,32,32
1,A,A*01:01,1248,92,0.07371794871794872,7.371794871794872,109,104
1,A,A*30:02,204,15,0.07352941176470588,7.352941176470589,19,17
1,A,A*03:01,1716,126,0.07342657342657342,7.3426573426573425,159,143
1,A,A*26:26,192,14,0.07291666666666667,7.291666666666667,17,16
1,A,A*26:24,192,14,0.07291666666666667,7.291666666666667,17,16
1,A,A*74:01,96,7,0.07291666666666667,7.291666666666667,8,8
1,A,A*03:45,1272,92,0.07232704402515723,7.232704402515723,122,106
1,A,A*03:20,1272,92,0.07232704402515723,7.232704402515723,122,106
1,A,A*03:21,1272,92,0.07232704402515723,7.232704402515723,122,106
1,A,A*03:26,1272,92,0.07232704402515723,7.232704402515723,122,106
1,A,A*03:37,1272,92,0.07232704402515723,7.232704402515723,122,106
1,A,A*31:01,240,17,0.07083333333333333,7.083333333333333,20,20
1,A,A*02:01,2556,180,0.07042253521126761,7.042253521126761,254,213
1,A,A*23:20,144,10,0.06944444444444445,6.944444444444445,12,12
1,A,A*23:18,144,10,0.06944444444444445,6.944444444444445,12,12
1,A,A*23:17,144,10,0.06944444444444445,6.944444444444445,12,12
1,A,A*23:07,144,10,0.06944444444444445,6.944444444444445,12,12
1,A,A*02:13,1848,128,0.06926406926406926,6.926406926406926,184,154
1,A,A*02:89,1848,128,0.06926406926406926,6.926406926406926,184,154
1,A,A*02:97,1848,128,0.06926406926406926,6.926406926406926,184,154
1,A,A*02:83,1848,128,0.06926406926406926,6.926406926406926,184,154
1,A,A*02:66,1848,128,0.06926406926406926,6.926406926406926,184,154
1,A,A*02:09,1848,128,0.06926406926406926,6.926406926406926,184,154
1,A,A*02:43,1848,128,0.06926406926406926,6.926406926406926,184,154
1,A,A*02:75,1848,128,0.06926406926406926,6.926406926406926,184,154
1,A,A*02:14,1848,128,0.06926406926406926,6.926406926406926,184,154
1,A,A*31:14,192,13,0.06770833333333333,6.770833333333333,16,16
1,A,A*31:23,192,13,0.06770833333333333,6.770833333333333,16,16
1,A,A*32:01,516,34,0.06589147286821706,6.5891472868217065,43,43
1,A,A*68:02,96,6,0.0625,6.25,8,8
1,A,A*69:01,24,1,0.041666666666666664,4.166666666666666,2,2
1,A,A*03:03,24,1,0.041666666666666664,4.166666666666666,2,2
1,A,A*33:01,48,1,0.020833333333333332,2.083333333333333,4,4
1,B,B*41:04,24,6,0.25,25.0,2,2
1,B,B*27:51,24,5,0.20833333333333334,20.833333333333336,2,2
1,B,B*27:03,60,12,0.2,20.0,5,5
1,B,B*27:09,36,6,0.16666666666666666,16.666666666666664,3,3
1,B,B*27:52,36,6,0.16666666666666666,16.666666666666664,3,3
1,B,B*35:02,60,10,0.16666666666666666,16.666666666666664,5,5
1,B,B*15:26,24,4,0.16666666666666666,16.666666666666664,2,2
1,B,B*42:02,24,4,0.16666666666666666,16.666666666666664,2,2
1,B,B*52:01,144,22,0.1527777777777778,15.277777777777779,12,12
1,B,B*42:01,108,16,0.14814814814814814,14.814814814814813,9,9
1,B,B*15:03,84,12,0.14285714285714285,14.285714285714285,7,7
1,B,B*15:17,36,5,0.1388888888888889,13.88888888888889,3,3
1,B,B*53:01,276,36,0.13043478260869565,13.043478260869565,25,23
1,B,B*41:02,24,3,0.125,12.5,2,2
1,B,B*49:01,168,21,0.125,12.5,16,14
1,B,B*35:08,24,3,0.125,12.5,2,2
1,B,B*35:70,132,16,0.12121212121212122,12.121212121212121,11,11
1,B,B*35:03,156,18,0.11538461538461539,11.538461538461538,13,13
1,B,B*15:10,564,65,0.11524822695035461,11.52482269503546,48,47
1,B,B*14:01,96,11,0.11458333333333333,11.458333333333332,8,8
1,B,B*15:19,96,11,0.11458333333333333,11.458333333333332,8,8
1,B,B*15:12,96,11,0.11458333333333333,11.458333333333332,8,8
1,B,B*15:14,408,46,0.11274509803921569,11.27450980392157,35,34
1,B,B*56:01,144,16,0.1111111111111111,11.11111111111111,12,12
1,B,B*57:01,492,54,0.10975609756097561,10.975609756097562,41,41
1,B,B*56:24,120,13,0.10833333333333334,10.833333333333334,10,10
1,B,B*40:01,492,53,0.10772357723577236,10.772357723577237,45,41
1,B,B*15:01,576,62,0.1076388888888889,10.76388888888889,51,48
1,B,B*45:01,84,9,0.10714285714285714,10.714285714285714,7,7
1,B,B*51:01,672,70,0.10416666666666667,10.416666666666668,58,56
1,B,B*50:01,48,5,0.10416666666666667,10.416666666666668,4,4
1,B,B*27:13,360,37,0.10277777777777777,10.277777777777777,32,30
1,B,B*27:05,372,38,0.10215053763440861,10.21505376344086,33,31
1,B,B*51:11,540,55,0.10185185185185185,10.185185185185185,47,45
1,B,B*51:51,540,55,0.10185185185185185,10.185185185185185,47,45
1,B,B*51:32,540,55,0.10185185185185185,10.185185185185185,47,45
1,B,B*51:48,540,55,0.10185185185185185,10.185185185185185,47,45
1,B,B*51:30,540,55,0.10185185185185185,10.185185185185185,47,45
1,B,B*35:01,852,86,0.10093896713615023,10.093896713615024,74,71
1,B,B*18:17,240,24,0.1,10.0,20,20
1,B,B*18:01,384,38,0.09895833333333333,9.895833333333332,32,32
1,B,B*44:03,516,51,0.09883720930232558,9.883720930232558,52,43
1,B,B*44:02,924,91,0.09848484848484848,9.848484848484848,80,77
1,B,B*35:42,624,61,0.09775641025641026,9.775641025641026,55,52
1,B,B*35:94,624,61,0.09775641025641026,9.775641025641026,55,52
1,B,B*35:57,624,61,0.09775641025641026,9.775641025641026,55,52
1,B,B*35:40,624,61,0.09775641025641026,9.775641025641026,55,52
1,B,B*38:01,144,14,0.09722222222222222,9.722222222222223,12,12
1,B,B*39:06,96,9,0.09375,9.375,8,8
1,B,B*55:01,312,29,0.09294871794871795,9.294871794871796,26,26
1,B,B*13:02,336,31,0.09226190476190477,9.226190476190476,30,28
1,B,B*58:01,228,21,0.09210526315789473,9.210526315789473,19,19
1,B,B*58:11,120,11,0.09166666666666666,9.166666666666666,10,10
1,B,B*08:19,624,57,0.09134615384615384,9.134615384615383,53,52
1,B,B*44:27,660,59,0.0893939393939394,8.93939393939394,56,55
1,B,B*44:19,660,59,0.0893939393939394,8.93939393939394,56,55
1,B,B*44:66,660,59,0.0893939393939394,8.93939393939394,56,55
1,B,B*40:02,168,15,0.08928571428571429,8.928571428571429,14,14
1,B,B*07:61,864,77,0.08912037037037036,8.912037037037036,77,72
1,B,B*07:49,864,77,0.08912037037037036,8.912037037037036,77,72
1,B,B*07:44,864,77,0.08912037037037036,8.912037037037036,77,72
1,B,B*07:59,864,77,0.08912037037037036,8.912037037037036,77,72
1,B,B*07:58,864,77,0.08912037037037036,8.912037037037036,77,72
1,B,B*40:55,372,33,0.08870967741935484,8.870967741935484,33,31
1,B,B*07:02,1212,106,0.08745874587458746,8.745874587458747,112,101
1,B,B*08:01,924,79,0.0854978354978355,8.54978354978355,78,77
1,B,B*47:01,120,10,0.08333333333333333,8.333333333333332,10,10
1,B,B*45:07,48,4,0.08333333333333333,8.333333333333332,4,4
1,B,B*14:02,120,10,0.08333333333333333,8.333333333333332,10,10
1,B,B*15:28,48,4,0.08333333333333333,8.333333333333332,4,4
1,B,B*15:18,24,2,0.08333333333333333,8.333333333333332,2,2
1,B,B*39:46,108,9,0.08333333333333333,8.333333333333332,9,9
1,B,B*39:01,108,9,0.08333333333333333,8.333333333333332,9,9
1,B,B*81:01,12,1,0.08333333333333333,8.333333333333332,1,1
1,B,B*14:03,24,2,0.08333333333333333,8.333333333333332,2,2
1,B,B*52:07,12,1,0.08333333333333333,8.333333333333332,1,1
1,B,B*15:09,12,1,0.08333333333333333,8.333333333333332,1,1
1,B,B*39:03,24,2,0.08333333333333333,8.333333333333332,2,2
1,B,B*15:16,12,1,0.08333333333333333,8.333333333333332,1,1
1,B,B*57:03,48,4,0.08333333333333333,8.333333333333332,4,4
1,B,B*67:01,12,1,0.08333333333333333,8.333333333333332,1,1
1,B,B*44,12,1,0.08333333333333333,8.333333333333332,1,1
1,B,B*55:02,12,1,0.08333333333333333,8.333333333333332,1,1
1,B,B*57:02,36,3,0.08333333333333333,8.333333333333332,3,3
1,B,B*07:06,120,9,0.075,7.5,10,10
1,B,B*07:05,120,9,0.075,7.5,10,10
1,B,B*41:01,60,4,0.06666666666666667,6.666666666666667,5,5
1,B,B*37:01,108,7,0.06481481481481481,6.481481481481481,9,9
1,B,B*40:97,96,6,0.0625,6.25,8,8
1,B,B*40:56,96,6,0.0625,6.25,8,8
1,B,B*35:07,36,2,0.05555555555555555,5.555555555555555,3,3
1,C,C*18:01,36,7,0.19444444444444445,19.444444444444446,3,3
1,C,C*15:02,324,55,0.1697530864197531,16.97530864197531,29,27
1,C,C*15,24,4,0.16666666666666666,16.666666666666664,2,2
1,C,C*02:10,12,2,0.16666666666666666,16.666666666666664,1,1
1,C,C*15:13,228,31,0.13596491228070176,13.596491228070176,21,19
1,C,C*16:04,24,3,0.125,12.5,2,2
1,C,C*08:02,276,32,0.11594202898550725,11.594202898550725,25,23
1,C,C*12:03,408,44,0.10784313725490197,10.784313725490197,36,34
1,C,C*07:02,1296,129,0.09953703703703703,9.953703703703704,119,108
1,C,C*07:01,1452,141,0.09710743801652892,9.710743801652892,124,121
1,C,C*16:01,636,61,0.0959119496855346,9.59119496855346,54,53
1,C,C*17:03,96,9,0.09375,9.375,10,8
1,C,C*17:02,96,9,0.09375,9.375,10,8
1,C,C*17:01,204,19,0.09313725490196079,9.313725490196079,19,17
1,C,C*02:02,516,48,0.09302325581395349,9.30232558139535,44,43
1,C,C*07:50,912,83,0.09100877192982457,9.100877192982457,83,76
1,C,C*07:66,912,83,0.09100877192982457,9.100877192982457,83,76
1,C,C*07:74,912,83,0.09100877192982457,9.100877192982457,83,76
1,C,C*06:02,984,89,0.09044715447154472,9.044715447154472,92,82
1,C,C*01:25,288,26,0.09027777777777778,9.027777777777777,26,24
1,C,C*03:04,792,71,0.08964646464646464,8.964646464646464,73,66
1,C,C*01:02,324,29,0.08950617283950617,8.950617283950617,29,27
1,C,C*03:20,516,45,0.0872093023255814,8.720930232558139,45,43
1,C,C*03:03,636,55,0.08647798742138364,8.647798742138365,55,53
1,C,C*16:02,24,2,0.08333333333333333,8.333333333333332,2,2
1,C,C*03:02,132,11,0.08333333333333333,8.333333333333332,11,11
1,C,C*08:04,84,7,0.08333333333333333,8.333333333333332,7,7
1,C,C*12:02,12,1,0.08333333333333333,8.333333333333332,1,1
1,C,C*18:02,12,1,0.08333333333333333,8.333333333333332,1,1
1,C,C*07:52,948,78,0.08227848101265822,8.227848101265822,82,79
1,C,C*07:18,948,78,0.08227848101265822,8.227848101265822,82,79
1,C,C*07:06,1080,88,0.08148148148148149,8.148148148148149,93,90
1,C,C*04:01,1464,115,0.07855191256830601,7.855191256830602,132,122
1,C,C*05:03,624,49,0.07852564102564102,7.852564102564102,52,52
1,C,C*05:01,840,65,0.07738095238095238,7.738095238095238,72,70
1,C,C*07:04,240,18,0.075,7.5,22,20
1,C,C*04:28,984,72,0.07317073170731707,7.317073170731707,84,82
1,C,C*04:41,984,72,0.07317073170731707,7.317073170731707,84,82
1,C,C*04:30,984,72,0.07317073170731707,7.317073170731707,84,82
1,C,C*04:09,984,72,0.07317073170731707,7.317073170731707,84,82
1,C,C*14:02,180,13,0.07222222222222222,7.222222222222221,15,15
1,C,C*07:11,144,9,0.0625,6.25,12,12
1,C,C*15:05,144,8,0.05555555555555555,5.555555555555555,12,12
1,DQB1,DQB1*06:05,84,44,0.5238095238095238,52.38095238095239,7,7
1,DQB1,DQB1*05:04,24,5,0.20833333333333334,20.833333333333336,2,2
1,DQB1,DQB1*06:03,732,145,0.19808743169398907,19.808743169398905,62,61
1,DQB1,DQB1*06:09,96,19,0.19791666666666666,19.791666666666664,8,8
1,DQB1,DQB1*06:34,252,49,0.19444444444444445,19.444444444444446,21,21
1,DQB1,DQB1*02:01,2220,420,0.1891891891891892,18.91891891891892,203,185
1,DQB1,DQB1*06:04,312,57,0.18269230769230768,18.269230769230766,26,26
1,DQB1,DQB1*03:02,1092,195,0.17857142857142858,17.857142857142858,96,91
1,DQB1,DQB1*06:02,1344,239,0.17782738095238096,17.782738095238095,126,112
1,DQB1,DQB1*03:01,1800,303,0.16833333333333333,16.833333333333332,159,150
1,DQB1,DQB1*04:02,804,135,0.16791044776119404,16.791044776119403,69,67
1,DQB1,DQB1*06:01,24,4,0.16666666666666666,16.666666666666664,2,2
1,DQB1,DQB1*03:04,12,2,0.16666666666666666,16.666666666666664,1,1
1,DQB1,DQB1*03:09,1272,197,0.15487421383647798,15.487421383647797,114,106
1,DQB1,DQB1*03:19,1272,197,0.15487421383647798,15.487421383647797,114,106
1,DQB1,DQB1*03:21,1272,197,0.15487421383647798,15.487421383647797,114,106
1,DQB1,DQB1*03:22,1272,197,0.15487421383647798,15.487421383647797,114,106
1,DQB1,DQB1*03:24,1272,197,0.15487421383647798,15.487421383647797,114,106
1,DQB1,DQB1*05:02,264,39,0.14772727272727273,14.772727272727273,22,22
1,DQB1,DQB1*05:03,348,51,0.14655172413793102,14.655172413793101,30,29
1,DQB1,DQB1*05:01,1332,195,0.1463963963963964,14.63963963963964,121,111
1,DQB1,DQB1*03:03,540,79,0.14629629629629629,14.629629629629628,46,45
1,DQB1,DQB1*02:04,1404,196,0.1396011396011396,13.96011396011396,121,117
1,DQB1,DQB1*02:02,1404,196,0.1396011396011396,13.96011396011396,121,117
1,DRB1,DRB1*13:21,12,3,0.25,25.0,1,1
1,DRB1,DRB1*08:04,144,35,0.24305555555555555,24.305555555555554,14,12
1,DRB1,DRB1*04:02,60,14,0.23333333333333334,23.333333333333332,5,5
1,DRB1,DRB1*13:27,24,5,0.20833333333333334,20.833333333333336,2,2
1,DRB1,DRB1*03:02,132,26,0.19696969696969696,19.696969696969695,11,11
1,DRB1,DRB1*04:04,612,118,0.19281045751633988,19.28104575163399,51,51
1,DRB1,DRB1*08:01,504,95,0.1884920634920635,18.849206349206348,44,42
1,DRB1,DRB1*11:04,288,54,0.1875,18.75,24,24
1,DRB1,DRB1*04:01,720,134,0.18611111111111112,18.61111111111111,64,60
1,DRB1,DRB1*13:03,264,49,0.1856060606060606,18.560606060606062,22,22
1,DRB1,DRB1*16:01,96,17,0.17708333333333334,17.708333333333336,8,8
1,DRB1,DRB1*04:07,204,36,0.17647058823529413,17.647058823529413,17,17
1,DRB1,DRB1*11:01,480,84,0.175,17.5,41,40
1,DRB1,DRB1*14:01,324,56,0.1728395061728395,17.28395061728395,28,27
1,DRB1,DRB1*13:02,468,79,0.16880341880341881,16.88034188034188,39,39
1,DRB1,DRB1*13:01,696,117,0.16810344827586207,16.810344827586206,58,58
1,DRB1,DRB1*04:05,12,2,0.16666666666666666,16.666666666666664,1,1
1,DRB1,DRB1*04:08,48,8,0.16666666666666666,16.666666666666664,4,4
1,DRB1,DRB1*01:02,60,10,0.16666666666666666,16.666666666666664,5,5
1,DRB1,DRB1*04:03,108,18,0.16666666666666666,16.666666666666664,9,9
1,DRB1,DRB1*04:06,36,6,0.16666666666666666,16.666666666666664,3,3
1,DRB1,DRB1*09:01,120,20,0.16666666666666666,16.666666666666664,10,10
1,DRB1,DRB1*15:02,24,4,0.16666666666666666,16.666666666666664,2,2
1,DRB1,DRB1*14:04,24,4,0.16666666666666666,16.666666666666664,2,2
1,DRB1,DRB1*08:02,48,8,0.16666666666666666,16.666666666666664,4,4
1,DRB1,DRB1*16:02,12,2,0.16666666666666666,16.666666666666664,1,1
1,DRB1,DRB1*13:35,24,4,0.16666666666666666,16.666666666666664,2,2
1,DRB1,DRB1*13:05,12,2,0.16666666666666666,16.666666666666664,1,1
1,DRB1,DRB1*12:01,228,37,0.16228070175438597,16.228070175438596,19,19
1,DRB1,DRB1*07:01,1356,220,0.16224188790560473,16.224188790560472,129,113
1,DRB1,DRB1*03:01,1224,198,0.16176470588235295,16.176470588235293,103,102
1,DRB1,DRB1*15:01,1368,221,0.1615497076023392,16.15497076023392,126,114
1,DRB1,DRB1*01:01,1080,174,0.16111111111111112,16.11111111111111,98,90
1,DRB1,DRB1*12:17,156,25,0.16025641025641027,16.025641025641026,13,13
1,DRB1,DRB1*12:10,156,25,0.16025641025641027,16.025641025641026,13,13
1,DRB1,DRB1*12:06,156,25,0.16025641025641027,16.025641025641026,13,13
1,DRB1,DRB1*15:03,144,22,0.1527777777777778,15.277777777777779,13,12
1,DRB1,DRB1*14:54,204,31,0.15196078431372548,15.196078431372548,18,17
1,DRB1,DRB1*11:02,60,9,0.15,15.0,5,5
1,DRB1,DRB1*10:01,144,21,0.14583333333333334,14.583333333333334,12,12
1,DRB1,DRB1*11:03,36,5,0.1388888888888889,13.88888888888889,3,3
1,DRB1,DRB1*08:03,12,1,0.08333333333333333,8.333333333333332,1,1
2,DRB1,DRB1*04:04,24,8,0.3333333333333333,33.33333333333333,2,2
2,DRB1,DRB1*04:08,36,11,0.3055555555555556,30.555555555555557,3,3
2,DRB1,DRB1*13:03,24,7,0.2916666666666667,29.166666666666668,2,2
2,DRB1,DRB1*14:01,60,16,0.26666666666666666,26.666666666666668,5,5
2,DRB1,DRB1*07:01,108,27,0.25,25.0,9,9
2,DRB1,DRB1*04:01,563,123,0.21847246891651864,21.847246891651864,47,47
2,DRB1,DRB1*01:01,180,38,0.2111111111111111,21.11111111111111,15,15
2,DRB1,DRB1*13:01,215,45,0.20930232558139536,20.930232558139537,18,18
2,DRB1,DRB1*09:01,36,7,0.19444444444444445,19.444444444444446,3,3
2,DRB1,DRB1*03:01,598,115,0.19230769230769232,19.230769230769234,50,50
2,DRB1,DRB1*15:01,216,39,0.18055555555555555,18.055555555555554,18,18
3,A,A*02:06,12,4,0.3333333333333333,33.33333333333333,1,1
3,A,A*23:01,12,3,0.25,25.0,1,1
3,A,A*25:01,36,8,0.2222222222222222,22.22222222222222,3,3
3,A,A*11:01,60,12,0.2,20.0,5,5
3,A,A*24:02,120,21,0.175,17.5,10,10
3,A,A*26:01,48,7,0.14583333333333334,14.583333333333334,4,4
3,A,A*02:01,324,46,0.1419753086419753,14.19753086419753,35,27
3,A,A*03:01,120,17,0.14166666666666666,14.166666666666666,11,10
3,A,A*29:02,36,5,0.1388888888888889,13.88888888888889,3,3
3,A,A*01:01,216,29,0.13425925925925927,13.425925925925927,19,18
3,A,A*31:01,24,3,0.125,12.5,2,2
3,A,A*32:01,36,3,0.08333333333333333,8.333333333333332,3,3
3,A,A*68:01,12,1,0.08333333333333333,8.333333333333332,1,1
3,A,A*30:02,12,1,0.08333333333333333,8.333333333333332,1,1
3,B,B*55:01,12,9,0.75,75.0,1,1
3,B,B*35:03,12,4,0.3333333333333333,33.33333333333333,1,1
3,B,B*15:01,48,15,0.3125,31.25,4,4
3,B,B*51:01,60,17,0.2833333333333333,28.333333333333332,5,5
3,B,B*44:02,156,42,0.2692307692307692,26.923076923076923,14,13
3,B,B*44:03,48,12,0.25,25.0,4,4
3,B,B*49:01,12,3,0.25,25.0,1,1
3,B,B*35:01,72,17,0.2361111111111111,23.61111111111111,6,6
3,B,B*18:01,36,8,0.2222222222222222,22.22222222222222,3,3
3,B,B*40:01,48,10,0.20833333333333334,20.833333333333336,4,4
3,B,B*08:01,204,37,0.18137254901960784,18.137254901960784,17,17
3,B,B*07:02,204,35,0.1715686274509804,17.15686274509804,21,17
3,B,B*40:02,36,6,0.16666666666666666,16.666666666666664,3,3
3,B,B*38:01,12,2,0.16666666666666666,16.666666666666664,1,1
3,B,B*50:01,12,2,0.16666666666666666,16.666666666666664,1,1
3,B,B*27:05,36,5,0.1388888888888889,13.88888888888889,3,3
3,B,B*57:01,48,5,0.10416666666666667,10.416666666666668,4,4
3,B,B*14:01,12,1,0.08333333333333333,8.333333333333332,1,1
3,B,B*14:02,24,2,0.08333333333333333,8.333333333333332,2,2
3,B,B*13:02,12,1,0.08333333333333333,8.333333333333332,1,1
3,B,B*39:06,24,1,0.041666666666666664,4.166666666666666,2,2
3,C,C*03:05,12,5,0.4166666666666667,41.66666666666667,1,1
3,C,C*06:06,12,5,0.4166666666666667,41.66666666666667,1,1
3,C,C*03:03,36,12,0.3333333333333333,33.33333333333333,3,3
3,C,C*12:03,36,12,0.3333333333333333,33.33333333333333,3,3
3,C,C*15:02,36,12,0.3333333333333333,33.33333333333333,3,3
3,C,C*16:01,36,10,0.2777777777777778,27.77777777777778,3,3
3,C,C*07:02,216,54,0.25,25.0,23,18
3,C,C*05:01,132,32,0.24242424242424243,24.242424242424242,13,11
3,C,C*07:01,228,50,0.21929824561403508,21.929824561403507,19,19
3,C,C*03:04,60,13,0.21666666666666667,21.666666666666668,5,5
3,C,C*08:02,24,5,0.20833333333333334,20.833333333333336,3,2
3,C,C*07:04,36,7,0.19444444444444445,19.444444444444446,3,3
3,C,C*14:02,36,7,0.19444444444444445,19.444444444444446,3,3
3,C,C*04:01,84,16,0.19047619047619047,19.047619047619047,8,7
3,C,C*06:02,60,11,0.18333333333333332,18.333333333333332,5,5
3,C,C*01:02,12,2,0.16666666666666666,16.666666666666664,1,1
3,C,C*02:02,36,5,0.1388888888888889,13.88888888888889,3,3
4,DRB1,DRB1*14:01,22,16,0.7272727272727273,72.72727272727273,2,2
4,DRB1,DRB1*12:01,21,14,0.6666666666666666,66.66666666666666,2,2
4,DRB1,DRB1*03:01,66,43,0.6515151515151515,65.15151515151516,6,6
4,DRB1,DRB1*08:01,22,14,0.6363636363636364,63.63636363636363,2,2
4,DRB1,DRB1*01:01,68,39,0.5735294117647058,57.35294117647059,6,6
4,DRB1,DRB1*11:04,23,13,0.5652173913043478,56.52173913043478,2,2
4,DRB1,DRB1*15:01,46,24,0.5217391304347826,52.17391304347826,4,4
4,DRB1,DRB1*13:01,46,19,0.41304347826086957,41.30434782608695,4,4
5,C,C*07:01,48,8,0.16666666666666666,16.666666666666664,4,4
5,C,C*04:01,48,4,0.08333333333333333,8.333333333333332,4,4
6,A,A*29:02,12,3,0.25,25.0,1,1
6,B,B*57:01,12,2,0.16666666666666666,16.666666666666664,1,1
6,B,B*51:01,12,1,0.08333333333333333,8.333333333333332,1,1
6,B,B*54:01,12,1,0.08333333333333333,8.333333333333332,1,1
7,A,A*25:01,10,10,1.0,100.0,2,2
7,A,A*23:17,5,5,1.0,100.0,1,1
7,A,A*29:01,5,5,1.0,100.0,1,1
7,A,A*33:03,7,6,0.8571428571428571,85.71428571428571,2,2
7,A,A*01:01,20,16,0.8,80.0,4,4
7,A,A*31:01,5,4,0.8,80.0,1,1
7,A,A*24:02,5,4,0.8,80.0,1,1
7,A,A*02:01,33,25,0.7575757575757576,75.75757575757575,7,7
7,A,A*29:02,4,3,0.75,75.0,1,1
7,A,A*74:01,4,3,0.75,75.0,1,1
7,A,A*68:02,4,3,0.75,75.0,1,1
7,A,A*11:01,20,13,0.65,65.0,4,4
7,A,A*33:01,20,13,0.65,65.0,4,4
7,A,A*32:01,5,3,0.6,60.0,1,1
7,A,A*03:02,5,2,0.4,40.0,1,1
7,A,A*30:02,5,2,0.4,40.0,1,1
7,A,A*34:02,5,2,0.4,40.0,1,1
7,A,A*30:01,5,2,0.4,40.0,1,1
7,A,A*03:01,15,4,0.26666666666666666,26.666666666666668,4,3
7,A,A*26:01,5,1,0.2,20.0,1,1
7,B,B*49:01,5,5,1.0,100.0,1,1
7,B,B*15:16,15,15,1.0,100.0,3,3
7,B,B*57:03,5,5,1.0,100.0,1,1
7,B,B*15:03,5,5,1.0,100.0,1,1
7,B,B*57:01,5,5,1.0,100.0,1,1
7,B,B*37:01,5,5,1.0,100.0,1,1
7,B,B*53:01,4,4,1.0,100.0,1,1
7,B,B*15:10,4,4,1.0,100.0,1,1
7,B,B*08:01,5,5,1.0,100.0,1,1
7,B,B*42:01,5,5,1.0,100.0,1,1
7,B,B*13:02,5,5,1.0,100.0,1,1
7,B,B*58:01,3,3,1.0,100.0,1,1
7,B,B*18:01,20,19,0.95,95.0,4,4
7,B,B*44:03,9,8,0.8888888888888888,88.88888888888889,2,2
7,B,B*44:02,15,13,0.8666666666666667,86.66666666666667,3,3
7,B,B*35:01,35,30,0.8571428571428571,85.71428571428571,7,7
7,B,B*45:01,5,4,0.8,80.0,1,1
7,B,B*14:02,5,4,0.8,80.0,1,1
7,B,B*40:01,13,10,0.7692307692307693,76.92307692307693,3,3
7,B,B*82:01,4,3,0.75,75.0,1,1
7,B,B*07:02,10,5,0.5,50.0,2,2
7,B,B*27:05,5,1,0.2,20.0,1,1
7,B,B*39:01,5,1,0.2,20.0,1,1
7,C,C*06:02,15,15,1.0,100.0,3,3
7,C,C*16:01,14,14,1.0,100.0,3,3
7,C,C*08:02,5,5,1.0,100.0,1,1
7,C,C*03:02,7,7,1.0,100.0,2,2
7,C,C*02:10,5,5,1.0,100.0,1,1
7,C,C*05:01,20,20,1.0,100.0,4,4
7,C,C*03:04,17,16,0.9411764705882353,94.11764705882352,4,4
7,C,C*12:03,15,14,0.9333333333333333,93.33333333333333,3,3
7,C,C*07:01,15,13,0.8666666666666667,86.66666666666667,3,3
7,C,C*02:02,5,4,0.8,80.0,1,1
7,C,C*18:02,10,8,0.8,80.0,2,2
7,C,C*14:02,15,11,0.7333333333333333,73.33333333333333,3,3
7,C,C*17:01,5,3,0.6,60.0,1,1
7,C,C*04:01,34,20,0.5882352941176471,58.82352941176471,7,7
7,C,C*07:02,10,3,0.3,30.0,2,2
7,DQB1,DQB1*03:02,5,5,1.0,100.0,1,1
7,DQB1,DQB1*03:19,4,4,1.0,100.0,2,1
7,DQB1,DQB1*03:03,10,9,0.9,90.0,2,2
7,DQB1,DQB1*02:01,10,9,0.9,90.0,2,2
7,DQB1,DQB1*03:01,15,12,0.8,80.0,4,3
7,DQB1,DQB1*06:03,5,4,0.8,80.0,1,1
7,DQB1,DQB1*05:03,5,4,0.8,80.0,1,1
7,DQB1,DQB1*06:02,39,29,0.7435897435897436,74.35897435897436,8,8
7,DQB1,DQB1*02:02,34,24,0.7058823529411765,70.58823529411765,7,7
7,DQB1,DQB1*05:01,35,23,0.6571428571428571,65.71428571428571,7,7
7,DQB1,DQB1*06:04,8,5,0.625,62.5,2,2
7,DQB1,DQB1*06:09,5,3,0.6,60.0,1,1
7,DQB1,DQB1*05:02,8,4,0.5,50.0,2,2
7,DRB1,DRB1*13:01,5,5,1.0,100.0,1,1
7,DRB1,DRB1*08:04,9,9,1.0,100.0,3,2
7,DRB1,DRB1*04:01,10,9,0.9,90.0,2,2
7,DRB1,DRB1*01:02,5,4,0.8,80.0,1,1
7,DRB1,DRB1*11:03,5,4,0.8,80.0,1,1
7,DRB1,DRB1*09:01,5,4,0.8,80.0,1,1
7,DRB1,DRB1*14:54,5,4,0.8,80.0,1,1
7,DRB1,DRB1*11:01,14,11,0.7857142857142857,78.57142857142857,3,3
7,DRB1,DRB1*07:01,39,30,0.7692307692307693,76.92307692307693,8,8
7,DRB1,DRB1*13:02,18,12,0.6666666666666666,66.66666666666666,4,4
7,DRB1,DRB1*16:02,3,2,0.6666666666666666,66.66666666666666,1,1
7,DRB1,DRB1*01:01,30,18,0.6,60.0,6,6
7,DRB1,DRB1*03:01,10,6,0.6,60.0,2,2
7,DRB1,DRB1*15:03,5,3,0.6,60.0,1,1
7,DRB1,DRB1*15:01,25,7,0.28,28.000000000000004,5,5
