Dataset,InMainScope,ToolCoverage,RankInDataset,Locus,Allele,Total,Mis,MisclassificationRate%,GSSlots,GSSamples
1,True,12/12 tools,1,DQB1,DQB1*06:05,84,44,52.38095238095239,7,7
1,True,12/12 tools,2,B,B*41:04,24,6,25.0,2,2
1,True,12/12 tools,3,DRB1,DRB1*13:21,12,3,25.0,1,1
1,True,12/12 tools,4,DRB1,DRB1*08:04,144,35,24.305555555555557,14,12
1,True,12/12 tools,5,DRB1,DRB1*04:02,60,14,23.33333333333333,5,5
1,True,12/12 tools,6,B,B*27:51,24,5,20.833333333333336,2,2
1,True,12/12 tools,7,DQB1,DQB1*05:04,24,5,20.833333333333336,2,2
1,True,12/12 tools,8,DRB1,DRB1*13:27,24,5,20.833333333333336,2,2
1,True,12/12 tools,9,B,B*27:03,60,12,20.0,5,5
1,True,12/12 tools,10,DQB1,DQB1*06:03,732,145,19.808743169398905,62,61
1,True,12/12 tools,11,DQB1,DQB1*06:09,96,19,19.791666666666664,8,8
1,True,12/12 tools,12,DRB1,DRB1*03:02,132,26,19.696969696969692,11,11
1,True,12/12 tools,13,DQB1,DQB1*06:34,252,49,19.444444444444446,21,21
1,True,12/12 tools,14,C,C*18:01,36,7,19.444444444444446,3,3
1,True,12/12 tools,15,DRB1,DRB1*04:04,612,118,19.28104575163399,51,51
1,True,12/12 tools,16,DQB1,DQB1*02:01,2220,420,18.91891891891892,203,185
1,True,12/12 tools,17,DRB1,DRB1*08:01,504,95,18.849206349206348,44,42
1,True,12/12 tools,18,DRB1,DRB1*11:04,288,54,18.75,24,24
1,True,12/12 tools,19,DRB1,DRB1*04:01,720,134,18.61111111111111,64,60
1,True,12/12 tools,20,DRB1,DRB1*13:03,264,49,18.560606060606062,22,22
2,True,12/12 tools,1,DRB1,DRB1*04:04,24,8,33.33333333333333,2,2
2,True,12/12 tools,2,DRB1,DRB1*04:08,36,11,30.55555555555556,3,3
2,True,12/12 tools,3,DRB1,DRB1*13:03,24,7,29.166666666666668,2,2
2,True,12/12 tools,4,DRB1,DRB1*14:01,60,16,26.666666666666668,5,5
2,True,12/12 tools,5,DRB1,DRB1*07:01,108,27,25.0,9,9
2,True,12/12 tools,6,DRB1,DRB1*04:01,563,123,21.847246891651864,47,47
2,True,12/12 tools,7,DRB1,DRB1*01:01,180,38,21.11111111111111,15,15
2,True,12/12 tools,8,DRB1,DRB1*13:01,215,45,20.930232558139537,18,18
2,True,12/12 tools,9,DRB1,DRB1*09:01,36,7,19.444444444444446,3,3
2,True,12/12 tools,10,DRB1,DRB1*03:01,598,115,19.230769230769237,50,50
2,True,12/12 tools,11,DRB1,DRB1*15:01,216,39,18.055555555555557,18,18
3,True,12/12 tools,1,B,B*55:01,12,9,75.0,1,1
3,True,12/12 tools,2,C,C*03:05,12,5,41.66666666666667,1,1
3,True,12/12 tools,3,C,C*06:06,12,5,41.66666666666667,1,1
3,True,12/12 tools,4,C,C*03:03,36,12,33.33333333333333,3,3
3,True,12/12 tools,5,C,C*12:03,36,12,33.33333333333333,3,3
3,True,12/12 tools,6,C,C*15:02,36,12,33.33333333333333,3,3
3,True,12/12 tools,7,A,A*02:06,12,4,33.33333333333333,1,1
3,True,12/12 tools,8,B,B*35:03,12,4,33.33333333333333,1,1
3,True,12/12 tools,9,B,B*15:01,48,15,31.25,4,4
3,True,12/12 tools,10,B,B*51:01,60,17,28.33333333333333,5,5
3,True,12/12 tools,11,C,C*16:01,36,10,27.77777777777778,3,3
3,True,12/12 tools,12,B,B*44:02,156,42,26.923076923076923,14,13
3,True,12/12 tools,13,C,C*07:02,216,54,25.0,23,18
3,True,12/12 tools,14,B,B*44:03,48,12,25.0,4,4
3,True,12/12 tools,15,A,A*23:01,12,3,25.0,1,1
3,True,12/12 tools,16,B,B*49:01,12,3,25.0,1,1
3,True,12/12 tools,17,C,C*05:01,132,32,24.24242424242424,13,11
3,True,12/12 tools,18,B,B*35:01,72,17,23.61111111111111,6,6
3,True,12/12 tools,19,A,A*25:01,36,8,22.22222222222222,3,3
3,True,12/12 tools,20,B,B*18:01,36,8,22.22222222222222,3,3
4,True,12/12 tools,1,DRB1,DRB1*14:01,22,16,72.72727272727273,2,2
4,True,12/12 tools,2,DRB1,DRB1*12:01,21,14,66.66666666666666,2,2
4,True,12/12 tools,3,DRB1,DRB1*03:01,66,43,65.15151515151516,6,6
4,True,12/12 tools,4,DRB1,DRB1*08:01,22,14,63.63636363636363,2,2
4,True,12/12 tools,5,DRB1,DRB1*01:01,68,39,57.35294117647059,6,6
4,True,12/12 tools,6,DRB1,DRB1*11:04,23,13,56.52173913043478,2,2
4,True,12/12 tools,7,DRB1,DRB1*15:01,46,24,52.17391304347826,4,4
4,True,12/12 tools,8,DRB1,DRB1*13:01,46,19,41.30434782608695,4,4
5,True,12/12 tools,1,C,C*07:01,48,8,16.666666666666664,4,4
5,True,12/12 tools,2,C,C*04:01,48,4,8.333333333333332,4,4
6,True,12/12 tools,1,A,A*29:02,12,3,25.0,1,1
6,True,12/12 tools,2,B,B*57:01,12,2,16.666666666666664,1,1
6,True,12/12 tools,3,B,B*51:01,12,1,8.333333333333332,1,1
6,True,12/12 tools,4,B,B*54:01,12,1,8.333333333333332,1,1
7,False,6/12 tools,1,C,C*05:01,20,20,100.0,4,4
7,False,6/12 tools,2,B,B*15:16,15,15,100.0,3,3
7,False,6/12 tools,3,C,C*06:02,15,15,100.0,3,3
7,False,6/12 tools,4,C,C*16:01,14,14,100.0,3,3
7,False,6/12 tools,5,A,A*25:01,10,10,100.0,2,2
7,False,6/12 tools,6,DRB1,DRB1*08:04,9,9,100.0,3,2
7,False,6/12 tools,7,C,C*03:02,7,7,100.0,2,2
7,False,6/12 tools,8,B,B*18:01,20,19,95.0,4,4
7,False,6/12 tools,9,C,C*03:04,17,16,94.11764705882352,4,4
7,False,6/12 tools,10,C,C*12:03,15,14,93.33333333333331,3,3
7,False,6/12 tools,11,DQB1,DQB1*02:01,10,9,90.0,2,2
7,False,6/12 tools,12,DQB1,DQB1*03:03,10,9,90.0,2,2
7,False,6/12 tools,13,DRB1,DRB1*04:01,10,9,90.0,2,2
7,False,6/12 tools,14,B,B*44:03,9,8,88.88888888888889,2,2
7,False,6/12 tools,15,B,B*44:02,15,13,86.66666666666667,3,3
7,False,6/12 tools,16,C,C*07:01,15,13,86.66666666666667,3,3
7,False,6/12 tools,17,B,B*35:01,35,30,85.71428571428571,7,7
7,False,6/12 tools,18,A,A*33:03,7,6,85.71428571428571,2,2
7,False,6/12 tools,19,A,A*01:01,20,16,80.0,4,4
7,False,6/12 tools,20,DQB1,DQB1*03:01,15,12,80.0,4,3
