tool,sample,locus,correct,miscalled,novel,no_call
arcas,mother,A,0,0,0,2
arcas,mother,B,1,0,1,0
arcas,mother,C,0,0,0,2
arcas,mother,DQB1,1,0,1,0
arcas,mother,DRB1,2,0,0,0
arcas,father,A,0,0,0,2
arcas,father,B,0,0,2,0
arcas,father,C,0,0,0,2
arcas,father,DQB1,0,0,0,2
arcas,father,DRB1,0,0,0,2
arcas,daughter,A,0,0,0,2
arcas,daughter,B,0,0,2,0
arcas,daughter,C,0,0,0,2
arcas,daughter,DQB1,0,0,0,2
arcas,daughter,DRB1,2,0,0,0
t1k,mother,A,0,0,0,2
t1k,mother,B,1,0,1,0
t1k,mother,C,0,0,0,2
t1k,mother,DQB1,2,0,0,0
t1k,mother,DRB1,1,0,1,0
t1k,father,A,0,0,2,0
t1k,father,B,0,0,2,0
t1k,father,C,0,0,0,2
t1k,father,DQB1,0,0,0,2
t1k,father,DRB1,2,0,0,0
t1k,daughter,A,0,0,0,2
t1k,daughter,B,0,0,2,0
t1k,daughter,C,0,0,0,2
t1k,daughter,DQB1,0,0,0,2
t1k,daughter,DRB1,2,0,0,0
optitype,mother,A,0,0,0,2
optitype,mother,B,0,0,2,0
optitype,mother,C,1,0,1,0
optitype,mother,DQB1,0,0,0,2
optitype,mother,DRB1,0,0,0,2
optitype,father,A,2,0,0,0
optitype,father,B,0,0,2,0
optitype,father,C,1,0,1,0
optitype,father,DQB1,0,0,0,2
optitype,father,DRB1,0,0,0,2
optitype,daughter,A,0,0,0,2
optitype,daughter,B,0,0,2,0
optitype,daughter,C,1,0,1,0
optitype,daughter,DQB1,0,0,0,2
optitype,daughter,DRB1,0,0,0,2
seq2hla,mother,A,0,0,0,2
seq2hla,mother,B,2,0,0,0
seq2hla,mother,C,0,0,0,2
seq2hla,mother,DQB1,0,0,2,0
seq2hla,mother,DRB1,2,0,0,0
seq2hla,father,A,0,0,2,0
seq2hla,father,B,0,0,0,2
seq2hla,father,C,0,0,0,2
seq2hla,father,DQB1,0,0,0,2
seq2hla,father,DRB1,2,0,0,0
seq2hla,daughter,A,0,0,0,2
seq2hla,daughter,B,0,0,0,2
seq2hla,daughter,C,0,0,0,2
seq2hla,daughter,DQB1,0,0,0,2
seq2hla,daughter,DRB1,2,0,0,0
rna2hla,mother,A,0,0,0,2
rna2hla,mother,B,2,0,0,0
rna2hla,mother,C,0,0,0,2
rna2hla,mother,DQB1,0,0,0,2
rna2hla,mother,DRB1,2,0,0,0
rna2hla,father,A,0,0,2,0
rna2hla,father,B,0,0,0,2
rna2hla,father,C,0,0,0,2
rna2hla,father,DQB1,0,0,0,2
rna2hla,father,DRB1,2,0,0,0
rna2hla,daughter,A,0,0,0,2
rna2hla,daughter,B,0,0,0,2
rna2hla,daughter,C,0,0,0,2
rna2hla,daughter,DQB1,0,0,0,2
rna2hla,daughter,DRB1,2,0,0,0
hlaminer,mother,A,0,0,0,2
hlaminer,mother,B,0,0,2,0
hlaminer,mother,C,0,0,0,2
hlaminer,mother,DQB1,0,0,0,2
hlaminer,mother,DRB1,0,0,2,0
hlaminer,father,A,0,0,2,0
hlaminer,father,B,0,0,0,2
hlaminer,father,C,0,0,0,2
hlaminer,father,DQB1,0,0,0,2
hlaminer,father,DRB1,0,0,2,0
hlaminer,daughter,A,0,0,0,2
hlaminer,daughter,B,0,0,0,2
hlaminer,daughter,C,0,0,0,2
hlaminer,daughter,DQB1,0,0,0,2
hlaminer,daughter,DRB1,0,0,2,0
hlaforest,mother,A,0,0,0,2
hlaforest,mother,B,0,0,2,0
hlaforest,mother,C,0,0,0,2
hlaforest,mother,DQB1,0,0,0,2
hlaforest,mother,DRB1,2,0,0,0
hlaforest,father,A,0,0,2,0
hlaforest,father,B,0,0,2,0
hlaforest,father,C,0,0,0,2
hlaforest,father,DQB1,0,0,0,2
hlaforest,father,DRB1,2,0,0,0
hlaforest,daughter,A,0,0,0,2
hlaforest,daughter,B,0,0,2,0
hlaforest,daughter,C,0,0,0,2
hlaforest,daughter,DQB1,0,0,0,2
hlaforest,daughter,DRB1,1,0,1,0
hlavbseq,mother,A,0,0,2,0
hlavbseq,mother,B,1,0,1,0
hlavbseq,mother,C,0,0,2,0
hlavbseq,mother,DQB1,1,0,1,0
hlavbseq,mother,DRB1,0,2,0,0
hlavbseq,father,A,1,0,1,0
hlavbseq,father,B,0,0,2,0
hlavbseq,father,C,0,0,2,0
hlavbseq,father,DQB1,1,0,1,0
hlavbseq,father,DRB1,2,0,0,0
hlavbseq,daughter,A,0,0,2,0
hlavbseq,daughter,B,0,0,2,0
hlavbseq,daughter,C,0,0,2,0
hlavbseq,daughter,DQB1,0,1,1,0
hlavbseq,daughter,DRB1,0,1,1,0
hlapers,mother,A,0,0,0,2
hlapers,mother,B,0,0,2,0
hlapers,mother,C,0,0,2,0
hlapers,mother,DQB1,2,0,0,0
hlapers,mother,DRB1,0,0,2,0
hlapers,father,A,0,0,2,0
hlapers,father,B,0,0,2,0
hlapers,father,C,0,0,2,0
hlapers,father,DQB1,0,0,0,2
hlapers,father,DRB1,1,0,1,0
hlapers,daughter,A,0,0,2,0
hlapers,daughter,B,0,0,2,0
hlapers,daughter,C,1,0,1,0
hlapers,daughter,DQB1,0,0,0,2
hlapers,daughter,DRB1,0,0,2,0
hisat,mother,A,0,0,0,2
hisat,mother,B,0,0,0,2
hisat,mother,C,0,0,0,2
hisat,mother,DQB1,0,0,0,2
hisat,mother,DRB1,0,0,0,2
hisat,father,A,0,0,0,2
hisat,father,B,0,0,0,2
hisat,father,C,0,0,0,2
hisat,father,DQB1,0,0,0,2
hisat,father,DRB1,0,0,0,2
hisat,daughter,A,0,0,0,2
hisat,daughter,B,0,0,0,2
hisat,daughter,C,0,0,0,2
hisat,daughter,DQB1,0,0,0,2
hisat,daughter,DRB1,0,0,0,2
hlahd,mother,A,0,0,0,2
hlahd,mother,B,2,0,0,0
hlahd,mother,C,0,0,0,2
hlahd,mother,DQB1,2,0,0,0
hlahd,mother,DRB1,2,0,0,0
hlahd,father,A,0,0,0,2
hlahd,father,B,0,0,0,2
hlahd,father,C,0,0,0,2
hlahd,father,DQB1,0,0,0,2
hlahd,father,DRB1,0,0,0,2
hlahd,daughter,A,0,0,0,2
hlahd,daughter,B,0,0,0,2
hlahd,daughter,C,2,0,0,0
hlahd,daughter,DQB1,0,0,0,2
hlahd,daughter,DRB1,0,0,0,2
