Dataset,Resolution,Tool,Locus,FilePresent,NMatched,correct,miscalled,novel,no_call,total,Class
1,1,arcas,A,True,490,977,3,0,0,980,I
1,1,arcas,B,True,490,974,6,0,0,980,I
1,1,arcas,C,True,490,977,3,0,0,980,I
1,1,arcas,DRB1,True,490,977,3,0,0,980,II
1,1,arcas,DQB1,True,490,977,3,0,0,980,II
1,1,optitype,A,True,490,979,1,0,0,980,I
1,1,optitype,B,True,490,974,6,0,0,980,I
1,1,optitype,C,True,490,978,2,0,0,980,I
1,1,optitype,DRB1,True,490,0,0,0,980,980,II
1,1,optitype,DQB1,True,490,0,0,0,980,980,II
1,1,seq2hla,A,True,490,979,1,0,0,980,I
1,1,seq2hla,B,True,490,965,15,0,0,980,I
1,1,seq2hla,C,True,490,968,12,0,0,980,I
1,1,seq2hla,DRB1,True,490,937,43,0,0,980,II
1,1,seq2hla,DQB1,True,490,976,4,0,0,980,II
1,1,hlaminer,A,True,490,217,746,13,4,980,I
1,1,hlaminer,B,True,490,136,770,70,4,980,I
1,1,hlaminer,C,True,490,219,757,0,4,980,I
1,1,hlaminer,DRB1,True,490,192,774,0,14,980,II
1,1,hlaminer,DQB1,True,490,430,534,0,16,980,II
1,1,phlat,A,True,490,974,6,0,0,980,I
1,1,phlat,B,True,490,933,39,8,0,980,I
1,1,phlat,C,True,490,966,14,0,0,980,I
1,1,phlat,DRB1,True,490,964,16,0,0,980,II
1,1,phlat,DQB1,True,490,681,299,0,0,980,II
1,1,hlavbseq,A,True,490,972,8,0,0,980,I
1,1,hlavbseq,B,True,490,945,34,1,0,980,I
1,1,hlavbseq,C,True,490,972,8,0,0,980,I
1,1,hlavbseq,DRB1,True,490,953,25,0,2,980,II
1,1,hlavbseq,DQB1,True,490,976,2,2,0,980,II
1,1,hlahd,A,True,490,978,2,0,0,980,I
1,1,hlahd,B,True,490,968,11,1,0,980,I
1,1,hlahd,C,True,490,961,19,0,0,980,I
1,1,hlahd,DRB1,True,490,969,11,0,0,980,II
1,1,hlahd,DQB1,True,490,976,4,0,0,980,II
1,1,hisat,A,True,490,977,3,0,0,980,I
1,1,hisat,B,True,490,974,6,0,0,980,I
1,1,hisat,C,True,490,978,2,0,0,980,I
1,1,hisat,DRB1,True,490,962,18,0,0,980,II
1,1,hisat,DQB1,True,490,975,5,0,0,980,II
1,1,hlaforest,A,True,490,976,4,0,0,980,I
1,1,hlaforest,B,True,490,947,33,0,0,980,I
1,1,hlaforest,C,True,490,978,2,0,0,980,I
1,1,hlaforest,DRB1,True,490,979,1,0,0,980,II
1,1,hlaforest,DQB1,True,490,976,4,0,0,980,II
1,1,hlapers,A,True,490,979,1,0,0,980,I
1,1,hlapers,B,True,490,974,6,0,0,980,I
1,1,hlapers,C,True,490,542,438,0,0,980,I
1,1,hlapers,DRB1,True,490,977,3,0,0,980,II
1,1,hlapers,DQB1,True,490,977,3,0,0,980,II
1,1,T1K,A,True,490,977,3,0,0,980,I
1,1,T1K,B,True,490,974,6,0,0,980,I
1,1,T1K,C,True,490,978,2,0,0,980,I
1,1,T1K,DRB1,True,490,977,3,0,0,980,II
1,1,T1K,DQB1,True,490,977,3,0,0,980,II
1,1,rna2hla,A,True,490,979,1,0,0,980,I
1,1,rna2hla,B,True,490,965,15,0,0,980,I
1,1,rna2hla,C,True,490,968,12,0,0,980,I
1,1,rna2hla,DRB1,True,490,937,43,0,0,980,II
1,1,rna2hla,DQB1,True,490,976,4,0,0,980,II
1,2,arcas,A,True,490,904,1,75,0,980,I
1,2,arcas,B,True,490,962,12,6,0,980,I
1,2,arcas,C,True,490,915,23,42,0,980,I
1,2,arcas,DRB1,True,490,960,19,1,0,980,II
1,2,arcas,DQB1,True,490,867,69,44,0,980,II
1,2,optitype,A,True,490,974,1,5,0,980,I
1,2,optitype,B,True,490,961,15,4,0,980,I
1,2,optitype,C,True,490,967,11,2,0,980,I
1,2,optitype,DRB1,True,490,0,0,0,980,980,II
1,2,optitype,DQB1,True,490,0,0,0,980,980,II
1,2,seq2hla,A,True,490,959,3,18,0,980,I
1,2,seq2hla,B,True,490,933,20,27,0,980,I
1,2,seq2hla,C,True,490,952,23,5,0,980,I
1,2,seq2hla,DRB1,True,490,909,33,38,0,980,II
1,2,seq2hla,DQB1,True,490,838,55,87,0,980,II
1,2,hlaminer,A,True,490,78,370,528,4,980,I
1,2,hlaminer,B,True,490,36,305,635,4,980,I
1,2,hlaminer,C,True,490,69,345,562,4,980,I
1,2,hlaminer,DRB1,True,490,37,354,575,14,980,II
1,2,hlaminer,DQB1,True,490,165,491,308,16,980,II
1,2,phlat,A,True,490,919,8,53,0,980,I
1,2,phlat,B,True,490,810,49,121,0,980,I
1,2,phlat,C,True,490,889,29,62,0,980,I
1,2,phlat,DRB1,True,490,906,31,43,0,980,II
1,2,phlat,DQB1,True,490,564,405,11,0,980,II
1,2,hlavbseq,A,True,490,937,15,28,0,980,I
1,2,hlavbseq,B,True,490,836,71,73,0,980,I
1,2,hlavbseq,C,True,490,870,42,68,0,980,I
1,2,hlavbseq,DRB1,True,490,833,145,0,2,980,II
1,2,hlavbseq,DQB1,True,490,912,64,4,0,980,II
1,2,hlahd,A,True,490,964,2,14,0,980,I
1,2,hlahd,B,True,490,954,15,11,0,980,I
1,2,hlahd,C,True,490,886,31,63,0,980,I
1,2,hlahd,DRB1,True,490,952,19,9,0,980,II
1,2,hlahd,DQB1,True,490,911,68,1,0,980,II
1,2,hisat,A,True,490,972,1,7,0,980,I
1,2,hisat,B,True,490,961,13,6,0,980,I
1,2,hisat,C,True,490,923,28,29,0,980,I
1,2,hisat,DRB1,True,490,943,32,5,0,980,II
1,2,hisat,DQB1,True,490,896,68,16,0,980,II
1,2,hlaforest,A,True,490,907,7,66,0,980,I
1,2,hlaforest,B,True,490,732,94,154,0,980,I
1,2,hlaforest,C,True,490,782,94,104,0,980,I
1,2,hlaforest,DRB1,True,490,898,43,39,0,980,II
1,2,hlaforest,DQB1,True,490,875,90,15,0,980,II
1,2,hlapers,A,True,490,803,2,175,0,980,I
1,2,hlapers,B,True,490,927,12,41,0,980,I
1,2,hlapers,C,True,490,456,17,507,0,980,I
1,2,hlapers,DRB1,True,490,945,16,19,0,980,II
1,2,hlapers,DQB1,True,490,892,69,19,0,980,II
1,2,T1K,A,True,490,975,1,4,0,980,I
1,2,T1K,B,True,490,965,12,3,0,980,I
1,2,T1K,C,True,490,949,22,9,0,980,I
1,2,T1K,DRB1,True,490,956,21,3,0,980,II
1,2,T1K,DQB1,True,490,905,69,6,0,980,II
1,2,rna2hla,A,True,490,959,3,18,0,980,I
1,2,rna2hla,B,True,490,933,20,27,0,980,I
1,2,rna2hla,C,True,490,952,23,5,0,980,I
1,2,rna2hla,DRB1,True,490,909,33,38,0,980,II
1,2,rna2hla,DQB1,True,490,838,55,87,0,980,II
2,1,arcas,A,True,86,0,0,0,0,0,I
2,1,arcas,B,True,86,0,0,0,0,0,I
2,1,arcas,C,True,86,0,0,0,0,0,I
2,1,arcas,DRB1,True,86,172,0,0,0,172,II
2,1,arcas,DQB1,True,86,0,0,0,0,0,II
2,1,optitype,A,True,86,0,0,0,0,0,I
2,1,optitype,B,True,86,0,0,0,0,0,I
2,1,optitype,C,True,86,0,0,0,0,0,I
2,1,optitype,DRB1,True,86,0,0,0,172,172,II
2,1,optitype,DQB1,True,86,0,0,0,0,0,II
2,1,seq2hla,A,True,84,0,0,0,0,0,I
2,1,seq2hla,B,True,84,0,0,0,0,0,I
2,1,seq2hla,C,True,84,0,0,0,0,0,I
2,1,seq2hla,DRB1,True,84,114,54,0,0,168,II
2,1,seq2hla,DQB1,True,84,0,0,0,0,0,II
2,1,hlaminer,A,True,86,0,0,0,0,0,I
2,1,hlaminer,B,True,86,0,0,0,0,0,I
2,1,hlaminer,C,True,86,0,0,0,0,0,I
2,1,hlaminer,DRB1,True,86,66,90,8,8,172,II
2,1,hlaminer,DQB1,True,86,0,0,0,0,0,II
2,1,phlat,A,True,86,0,0,0,0,0,I
2,1,phlat,B,True,86,0,0,0,0,0,I
2,1,phlat,C,True,86,0,0,0,0,0,I
2,1,phlat,DRB1,True,86,172,0,0,0,172,II
2,1,phlat,DQB1,True,86,0,0,0,0,0,II
2,1,hlavbseq,A,True,86,0,0,0,0,0,I
2,1,hlavbseq,B,True,86,0,0,0,0,0,I
2,1,hlavbseq,C,True,86,0,0,0,0,0,I
2,1,hlavbseq,DRB1,True,86,102,70,0,0,172,II
2,1,hlavbseq,DQB1,True,86,0,0,0,0,0,II
2,1,hlahd,A,True,86,0,0,0,0,0,I
2,1,hlahd,B,True,86,0,0,0,0,0,I
2,1,hlahd,C,True,86,0,0,0,0,0,I
2,1,hlahd,DRB1,True,86,172,0,0,0,172,II
2,1,hlahd,DQB1,True,86,0,0,0,0,0,II
2,1,hisat,A,True,86,0,0,0,0,0,I
2,1,hisat,B,True,86,0,0,0,0,0,I
2,1,hisat,C,True,86,0,0,0,0,0,I
2,1,hisat,DRB1,True,86,172,0,0,0,172,II
2,1,hisat,DQB1,True,86,0,0,0,0,0,II
2,1,hlaforest,A,True,86,0,0,0,0,0,I
2,1,hlaforest,B,True,86,0,0,0,0,0,I
2,1,hlaforest,C,True,86,0,0,0,0,0,I
2,1,hlaforest,DRB1,True,86,172,0,0,0,172,II
2,1,hlaforest,DQB1,True,86,0,0,0,0,0,II
2,1,hlapers,A,True,86,0,0,0,0,0,I
2,1,hlapers,B,True,86,0,0,0,0,0,I
2,1,hlapers,C,True,86,0,0,0,0,0,I
2,1,hlapers,DRB1,True,86,172,0,0,0,172,II
2,1,hlapers,DQB1,True,86,0,0,0,0,0,II
2,1,T1K,A,True,86,0,0,0,0,0,I
2,1,T1K,B,True,86,0,0,0,0,0,I
2,1,T1K,C,True,86,0,0,0,0,0,I
2,1,T1K,DRB1,True,86,172,0,0,0,172,II
2,1,T1K,DQB1,True,86,0,0,0,0,0,II
2,1,rna2hla,A,True,86,0,0,0,0,0,I
2,1,rna2hla,B,True,86,0,0,0,0,0,I
2,1,rna2hla,C,True,86,0,0,0,0,0,I
2,1,rna2hla,DRB1,True,86,159,13,0,0,172,II
2,1,rna2hla,DQB1,True,86,0,0,0,0,0,II
2,2,arcas,A,True,86,0,0,0,0,0,I
2,2,arcas,B,True,86,0,0,0,0,0,I
2,2,arcas,C,True,86,0,0,0,0,0,I
2,2,arcas,DRB1,True,86,167,0,5,0,172,II
2,2,arcas,DQB1,True,86,0,0,0,0,0,II
2,2,optitype,A,True,86,0,0,0,0,0,I
2,2,optitype,B,True,86,0,0,0,0,0,I
2,2,optitype,C,True,86,0,0,0,0,0,I
2,2,optitype,DRB1,True,86,0,0,0,172,172,II
2,2,optitype,DQB1,True,86,0,0,0,0,0,II
2,2,seq2hla,A,True,84,0,0,0,0,0,I
2,2,seq2hla,B,True,84,0,0,0,0,0,I
2,2,seq2hla,C,True,84,0,0,0,0,0,I
2,2,seq2hla,DRB1,True,84,49,20,99,0,168,II
2,2,seq2hla,DQB1,True,84,0,0,0,0,0,II
2,2,hlaminer,A,True,86,0,0,0,0,0,I
2,2,hlaminer,B,True,86,0,0,0,0,0,I
2,2,hlaminer,C,True,86,0,0,0,0,0,I
2,2,hlaminer,DRB1,True,86,22,29,113,8,172,II
2,2,hlaminer,DQB1,True,86,0,0,0,0,0,II
2,2,phlat,A,True,86,0,0,0,0,0,I
2,2,phlat,B,True,86,0,0,0,0,0,I
2,2,phlat,C,True,86,0,0,0,0,0,I
2,2,phlat,DRB1,True,86,160,0,12,0,172,II
2,2,phlat,DQB1,True,86,0,0,0,0,0,II
2,2,hlavbseq,A,True,86,0,0,0,0,0,I
2,2,hlavbseq,B,True,86,0,0,0,0,0,I
2,2,hlavbseq,C,True,86,0,0,0,0,0,I
2,2,hlavbseq,DRB1,True,86,96,68,8,0,172,II
2,2,hlavbseq,DQB1,True,86,0,0,0,0,0,II
2,2,hlahd,A,True,86,0,0,0,0,0,I
2,2,hlahd,B,True,86,0,0,0,0,0,I
2,2,hlahd,C,True,86,0,0,0,0,0,I
2,2,hlahd,DRB1,True,86,167,0,5,0,172,II
2,2,hlahd,DQB1,True,86,0,0,0,0,0,II
2,2,hisat,A,True,86,0,0,0,0,0,I
2,2,hisat,B,True,86,0,0,0,0,0,I
2,2,hisat,C,True,86,0,0,0,0,0,I
2,2,hisat,DRB1,True,86,164,0,8,0,172,II
2,2,hisat,DQB1,True,86,0,0,0,0,0,II
2,2,hlaforest,A,True,86,0,0,0,0,0,I
2,2,hlaforest,B,True,86,0,0,0,0,0,I
2,2,hlaforest,C,True,86,0,0,0,0,0,I
2,2,hlaforest,DRB1,True,86,148,0,24,0,172,II
2,2,hlaforest,DQB1,True,86,0,0,0,0,0,II
2,2,hlapers,A,True,86,0,0,0,0,0,I
2,2,hlapers,B,True,86,0,0,0,0,0,I
2,2,hlapers,C,True,86,0,0,0,0,0,I
2,2,hlapers,DRB1,True,86,149,0,23,0,172,II
2,2,hlapers,DQB1,True,86,0,0,0,0,0,II
2,2,T1K,A,True,86,0,0,0,0,0,I
2,2,T1K,B,True,86,0,0,0,0,0,I
2,2,T1K,C,True,86,0,0,0,0,0,I
2,2,T1K,DRB1,True,86,167,0,5,0,172,II
2,2,T1K,DQB1,True,86,0,0,0,0,0,II
2,2,rna2hla,A,True,86,0,0,0,0,0,I
2,2,rna2hla,B,True,86,0,0,0,0,0,I
2,2,rna2hla,C,True,86,0,0,0,0,0,I
2,2,rna2hla,DRB1,True,86,132,18,22,0,172,II
2,2,rna2hla,DQB1,True,86,0,0,0,0,0,II
3,1,arcas,A,True,50,98,2,0,0,100,I
3,1,arcas,B,True,50,96,4,0,0,100,I
3,1,arcas,C,True,50,99,1,0,0,100,I
3,1,arcas,DRB1,True,50,0,0,0,0,0,II
3,1,arcas,DQB1,True,50,0,0,0,0,0,II
3,1,optitype,A,True,50,98,2,0,0,100,I
3,1,optitype,B,True,50,96,3,1,0,100,I
3,1,optitype,C,True,50,98,2,0,0,100,I
3,1,optitype,DRB1,True,50,0,0,0,0,0,II
3,1,optitype,DQB1,True,50,0,0,0,0,0,II
3,1,seq2hla,A,True,50,99,0,1,0,100,I
3,1,seq2hla,B,True,50,95,5,0,0,100,I
3,1,seq2hla,C,True,50,99,1,0,0,100,I
3,1,seq2hla,DRB1,True,50,0,0,0,0,0,II
3,1,seq2hla,DQB1,True,50,0,0,0,0,0,II
3,1,hlaminer,A,True,50,13,67,16,4,100,I
3,1,hlaminer,B,True,50,21,58,19,2,100,I
3,1,hlaminer,C,True,50,29,55,12,4,100,I
3,1,hlaminer,DRB1,True,50,0,0,0,0,0,II
3,1,hlaminer,DQB1,True,50,0,0,0,0,0,II
3,1,phlat,A,True,50,98,2,0,0,100,I
3,1,phlat,B,True,50,92,5,3,0,100,I
3,1,phlat,C,True,50,97,3,0,0,100,I
3,1,phlat,DRB1,True,50,0,0,0,0,0,II
3,1,phlat,DQB1,True,50,0,0,0,0,0,II
3,1,hlavbseq,A,True,50,97,2,1,0,100,I
3,1,hlavbseq,B,True,50,97,3,0,0,100,I
3,1,hlavbseq,C,True,50,99,1,0,0,100,I
3,1,hlavbseq,DRB1,True,50,0,0,0,0,0,II
3,1,hlavbseq,DQB1,True,50,0,0,0,0,0,II
3,1,hlahd,A,True,50,98,2,0,0,100,I
3,1,hlahd,B,True,50,97,2,1,0,100,I
3,1,hlahd,C,True,50,90,9,1,0,100,I
3,1,hlahd,DRB1,True,50,0,0,0,0,0,II
3,1,hlahd,DQB1,True,50,0,0,0,0,0,II
3,1,hisat,A,True,50,99,1,0,0,100,I
3,1,hisat,B,True,50,95,5,0,0,100,I
3,1,hisat,C,True,50,98,2,0,0,100,I
3,1,hisat,DRB1,True,50,0,0,0,0,0,II
3,1,hisat,DQB1,True,50,0,0,0,0,0,II
3,1,hlaforest,A,True,50,97,3,0,0,100,I
3,1,hlaforest,B,True,50,98,2,0,0,100,I
3,1,hlaforest,C,True,50,95,5,0,0,100,I
3,1,hlaforest,DRB1,True,50,0,0,0,0,0,II
3,1,hlaforest,DQB1,True,50,0,0,0,0,0,II
3,1,hlapers,A,True,50,97,3,0,0,100,I
3,1,hlapers,B,True,50,96,4,0,0,100,I
3,1,hlapers,C,True,50,34,66,0,0,100,I
3,1,hlapers,DRB1,True,50,0,0,0,0,0,II
3,1,hlapers,DQB1,True,50,0,0,0,0,0,II
3,1,T1K,A,True,50,98,2,0,0,100,I
3,1,T1K,B,True,50,96,4,0,0,100,I
3,1,T1K,C,True,50,97,3,0,0,100,I
3,1,T1K,DRB1,True,50,0,0,0,0,0,II
3,1,T1K,DQB1,True,50,0,0,0,0,0,II
3,1,rna2hla,A,True,50,99,0,1,0,100,I
3,1,rna2hla,B,True,50,95,5,0,0,100,I
3,1,rna2hla,C,True,50,99,1,0,0,100,I
3,1,rna2hla,DRB1,True,50,0,0,0,0,0,II
3,1,rna2hla,DQB1,True,50,0,0,0,0,0,II
3,2,arcas,A,True,50,81,3,16,0,100,I
3,2,arcas,B,True,50,49,5,46,0,100,I
3,2,arcas,C,True,50,75,6,19,0,100,I
3,2,arcas,DRB1,True,50,0,0,0,0,0,II
3,2,arcas,DQB1,True,50,0,0,0,0,0,II
3,2,optitype,A,True,50,95,3,2,0,100,I
3,2,optitype,B,True,50,93,4,3,0,100,I
3,2,optitype,C,True,50,96,3,1,0,100,I
3,2,optitype,DRB1,True,50,0,0,0,0,0,II
3,2,optitype,DQB1,True,50,0,0,0,0,0,II
3,2,seq2hla,A,True,50,76,0,24,0,100,I
3,2,seq2hla,B,True,50,69,5,26,0,100,I
3,2,seq2hla,C,True,50,66,1,33,0,100,I
3,2,seq2hla,DRB1,True,50,0,0,0,0,0,II
3,2,seq2hla,DQB1,True,50,0,0,0,0,0,II
3,2,hlaminer,A,True,50,5,42,49,4,100,I
3,2,hlaminer,B,True,50,6,17,75,2,100,I
3,2,hlaminer,C,True,50,10,22,64,4,100,I
3,2,hlaminer,DRB1,True,50,0,0,0,0,0,II
3,2,hlaminer,DQB1,True,50,0,0,0,0,0,II
3,2,phlat,A,True,50,90,4,6,0,100,I
3,2,phlat,B,True,50,78,3,19,0,100,I
3,2,phlat,C,True,50,83,5,12,0,100,I
3,2,phlat,DRB1,True,50,0,0,0,0,0,II
3,2,phlat,DQB1,True,50,0,0,0,0,0,II
3,2,hlavbseq,A,True,50,94,3,3,0,100,I
3,2,hlavbseq,B,True,50,82,7,11,0,100,I
3,2,hlavbseq,C,True,50,90,2,8,0,100,I
3,2,hlavbseq,DRB1,True,50,0,0,0,0,0,II
3,2,hlavbseq,DQB1,True,50,0,0,0,0,0,II
3,2,hlahd,A,True,50,73,3,24,0,100,I
3,2,hlahd,B,True,50,80,1,19,0,100,I
3,2,hlahd,C,True,50,42,2,56,0,100,I
3,2,hlahd,DRB1,True,50,0,0,0,0,0,II
3,2,hlahd,DQB1,True,50,0,0,0,0,0,II
3,2,hisat,A,True,50,63,1,36,0,100,I
3,2,hisat,B,True,50,92,5,3,0,100,I
3,2,hisat,C,True,50,55,1,44,0,100,I
3,2,hisat,DRB1,True,50,0,0,0,0,0,II
3,2,hisat,DQB1,True,50,0,0,0,0,0,II
3,2,hlaforest,A,True,50,94,4,2,0,100,I
3,2,hlaforest,B,True,50,86,5,9,0,100,I
3,2,hlaforest,C,True,50,77,14,9,0,100,I
3,2,hlaforest,DRB1,True,50,0,0,0,0,0,II
3,2,hlaforest,DQB1,True,50,0,0,0,0,0,II
3,2,hlapers,A,True,50,25,2,73,0,100,I
3,2,hlapers,B,True,50,23,4,73,0,100,I
3,2,hlapers,C,True,50,5,3,92,0,100,I
3,2,hlapers,DRB1,True,50,0,0,0,0,0,II
3,2,hlapers,DQB1,True,50,0,0,0,0,0,II
3,2,T1K,A,True,50,86,3,11,0,100,I
3,2,T1K,B,True,50,66,3,31,0,100,I
3,2,T1K,C,True,50,56,3,41,0,100,I
3,2,T1K,DRB1,True,50,0,0,0,0,0,II
3,2,T1K,DQB1,True,50,0,0,0,0,0,II
3,2,rna2hla,A,True,50,94,2,4,0,100,I
3,2,rna2hla,B,True,50,91,7,2,0,100,I
3,2,rna2hla,C,True,50,92,4,4,0,100,I
3,2,rna2hla,DRB1,True,50,0,0,0,0,0,II
3,2,rna2hla,DQB1,True,50,0,0,0,0,0,II
4,1,arcas,A,True,14,0,0,0,0,0,I
4,1,arcas,B,True,14,0,0,0,0,0,I
4,1,arcas,C,True,14,0,0,0,0,0,I
4,1,arcas,DRB1,True,14,4,0,0,24,28,II
4,1,arcas,DQB1,True,14,0,0,0,0,0,II
4,1,optitype,A,True,14,0,0,0,0,0,I
4,1,optitype,B,True,14,0,0,0,0,0,I
4,1,optitype,C,True,14,0,0,0,0,0,I
4,1,optitype,DRB1,True,14,0,0,0,28,28,II
4,1,optitype,DQB1,True,14,0,0,0,0,0,II
4,1,seq2hla,A,True,14,0,0,0,0,0,I
4,1,seq2hla,B,True,14,0,0,0,0,0,I
4,1,seq2hla,C,True,14,0,0,0,0,0,I
4,1,seq2hla,DRB1,True,14,11,3,14,0,28,II
4,1,seq2hla,DQB1,True,14,0,0,0,0,0,II
4,1,hlaminer,A,True,14,0,0,0,0,0,I
4,1,hlaminer,B,True,14,0,0,0,0,0,I
4,1,hlaminer,C,True,14,0,0,0,0,0,I
4,1,hlaminer,DRB1,True,14,10,3,5,10,28,II
4,1,hlaminer,DQB1,True,14,0,0,0,0,0,II
4,1,phlat,A,True,7,0,0,0,0,0,I
4,1,phlat,B,True,7,0,0,0,0,0,I
4,1,phlat,C,True,7,0,0,0,0,0,I
4,1,phlat,DRB1,True,7,13,1,0,0,14,II
4,1,phlat,DQB1,True,7,0,0,0,0,0,II
4,1,hlavbseq,A,True,12,0,0,0,0,0,I
4,1,hlavbseq,B,True,12,0,0,0,0,0,I
4,1,hlavbseq,C,True,12,0,0,0,0,0,I
4,1,hlavbseq,DRB1,True,12,3,7,14,0,24,II
4,1,hlavbseq,DQB1,True,12,0,0,0,0,0,II
4,1,hlahd,A,True,14,0,0,0,0,0,I
4,1,hlahd,B,True,14,0,0,0,0,0,I
4,1,hlahd,C,True,14,0,0,0,0,0,I
4,1,hlahd,DRB1,True,14,18,0,0,10,28,II
4,1,hlahd,DQB1,True,14,0,0,0,0,0,II
4,1,hisat,A,True,14,0,0,0,0,0,I
4,1,hisat,B,True,14,0,0,0,0,0,I
4,1,hisat,C,True,14,0,0,0,0,0,I
4,1,hisat,DRB1,True,14,17,2,1,8,28,II
4,1,hisat,DQB1,True,14,0,0,0,0,0,II
4,1,hlaforest,A,True,12,0,0,0,0,0,I
4,1,hlaforest,B,True,12,0,0,0,0,0,I
4,1,hlaforest,C,True,12,0,0,0,0,0,I
4,1,hlaforest,DRB1,True,12,21,3,0,0,24,II
4,1,hlaforest,DQB1,True,12,0,0,0,0,0,II
4,1,hlapers,A,True,14,0,0,0,0,0,I
4,1,hlapers,B,True,14,0,0,0,0,0,I
4,1,hlapers,C,True,14,0,0,0,0,0,I
4,1,hlapers,DRB1,True,14,23,5,0,0,28,II
4,1,hlapers,DQB1,True,14,0,0,0,0,0,II
4,1,T1K,A,True,14,0,0,0,0,0,I
4,1,T1K,B,True,14,0,0,0,0,0,I
4,1,T1K,C,True,14,0,0,0,0,0,I
4,1,T1K,DRB1,True,14,25,3,0,0,28,II
4,1,T1K,DQB1,True,14,0,0,0,0,0,II
4,1,rna2hla,A,True,14,0,0,0,0,0,I
4,1,rna2hla,B,True,14,0,0,0,0,0,I
4,1,rna2hla,C,True,14,0,0,0,0,0,I
4,1,rna2hla,DRB1,True,14,11,3,14,0,28,II
4,1,rna2hla,DQB1,True,14,0,0,0,0,0,II
4,2,arcas,A,True,14,0,0,0,0,0,I
4,2,arcas,B,True,14,0,0,0,0,0,I
4,2,arcas,C,True,14,0,0,0,0,0,I
4,2,arcas,DRB1,True,14,4,0,0,24,28,II
4,2,arcas,DQB1,True,14,0,0,0,0,0,II
4,2,optitype,A,True,14,0,0,0,0,0,I
4,2,optitype,B,True,14,0,0,0,0,0,I
4,2,optitype,C,True,14,0,0,0,0,0,I
4,2,optitype,DRB1,True,14,0,0,0,28,28,II
4,2,optitype,DQB1,True,14,0,0,0,0,0,II
4,2,seq2hla,A,True,14,0,0,0,0,0,I
4,2,seq2hla,B,True,14,0,0,0,0,0,I
4,2,seq2hla,C,True,14,0,0,0,0,0,I
4,2,seq2hla,DRB1,True,14,3,0,25,0,28,II
4,2,seq2hla,DQB1,True,14,0,0,0,0,0,II
4,2,hlaminer,A,True,14,0,0,0,0,0,I
4,2,hlaminer,B,True,14,0,0,0,0,0,I
4,2,hlaminer,C,True,14,0,0,0,0,0,I
4,2,hlaminer,DRB1,True,14,1,0,17,10,28,II
4,2,hlaminer,DQB1,True,14,0,0,0,0,0,II
4,2,phlat,A,True,7,0,0,0,0,0,I
4,2,phlat,B,True,7,0,0,0,0,0,I
4,2,phlat,C,True,7,0,0,0,0,0,I
4,2,phlat,DRB1,True,7,9,1,4,0,14,II
4,2,phlat,DQB1,True,7,0,0,0,0,0,II
4,2,hlavbseq,A,True,12,0,0,0,0,0,I
4,2,hlavbseq,B,True,12,0,0,0,0,0,I
4,2,hlavbseq,C,True,12,0,0,0,0,0,I
4,2,hlavbseq,DRB1,True,12,3,7,14,0,24,II
4,2,hlavbseq,DQB1,True,12,0,0,0,0,0,II
4,2,hlahd,A,True,14,0,0,0,0,0,I
4,2,hlahd,B,True,14,0,0,0,0,0,I
4,2,hlahd,C,True,14,0,0,0,0,0,I
4,2,hlahd,DRB1,True,14,15,0,3,10,28,II
4,2,hlahd,DQB1,True,14,0,0,0,0,0,II
4,2,hisat,A,True,14,0,0,0,0,0,I
4,2,hisat,B,True,14,0,0,0,0,0,I
4,2,hisat,C,True,14,0,0,0,0,0,I
4,2,hisat,DRB1,True,14,11,0,9,8,28,II
4,2,hisat,DQB1,True,14,0,0,0,0,0,II
4,2,hlaforest,A,True,12,0,0,0,0,0,I
4,2,hlaforest,B,True,12,0,0,0,0,0,I
4,2,hlaforest,C,True,12,0,0,0,0,0,I
4,2,hlaforest,DRB1,True,12,14,1,9,0,24,II
4,2,hlaforest,DQB1,True,12,0,0,0,0,0,II
4,2,hlapers,A,True,14,0,0,0,0,0,I
4,2,hlapers,B,True,14,0,0,0,0,0,I
4,2,hlapers,C,True,14,0,0,0,0,0,I
4,2,hlapers,DRB1,True,14,17,1,10,0,28,II
4,2,hlapers,DQB1,True,14,0,0,0,0,0,II
4,2,T1K,A,True,14,0,0,0,0,0,I
4,2,T1K,B,True,14,0,0,0,0,0,I
4,2,T1K,C,True,14,0,0,0,0,0,I
4,2,T1K,DRB1,True,14,23,2,3,0,28,II
4,2,T1K,DQB1,True,14,0,0,0,0,0,II
4,2,rna2hla,A,True,14,0,0,0,0,0,I
4,2,rna2hla,B,True,14,0,0,0,0,0,I
4,2,rna2hla,C,True,14,0,0,0,0,0,I
4,2,rna2hla,DRB1,True,14,9,0,19,0,28,II
4,2,rna2hla,DQB1,True,14,0,0,0,0,0,II
5,1,arcas,A,True,8,0,0,0,0,0,I
5,1,arcas,B,True,8,0,0,0,0,0,I
5,1,arcas,C,True,8,16,0,0,0,16,I
5,1,arcas,DRB1,True,8,0,0,0,0,0,II
5,1,arcas,DQB1,True,8,0,0,0,0,0,II
5,1,optitype,A,True,8,0,0,0,0,0,I
5,1,optitype,B,True,8,0,0,0,0,0,I
5,1,optitype,C,True,8,11,0,5,0,16,I
5,1,optitype,DRB1,True,8,0,0,0,0,0,II
5,1,optitype,DQB1,True,8,0,0,0,0,0,II
5,1,seq2hla,A,True,8,0,0,0,0,0,I
5,1,seq2hla,B,True,8,0,0,0,0,0,I
5,1,seq2hla,C,True,8,16,0,0,0,16,I
5,1,seq2hla,DRB1,True,8,0,0,0,0,0,II
5,1,seq2hla,DQB1,True,8,0,0,0,0,0,II
5,1,hlaminer,A,True,8,0,0,0,0,0,I
5,1,hlaminer,B,True,8,0,0,0,0,0,I
5,1,hlaminer,C,True,8,0,2,4,10,16,I
5,1,hlaminer,DRB1,True,8,0,0,0,0,0,II
5,1,hlaminer,DQB1,True,8,0,0,0,0,0,II
5,1,phlat,A,True,8,0,0,0,0,0,I
5,1,phlat,B,True,8,0,0,0,0,0,I
5,1,phlat,C,True,8,16,0,0,0,16,I
5,1,phlat,DRB1,True,8,0,0,0,0,0,II
5,1,phlat,DQB1,True,8,0,0,0,0,0,II
5,1,hlavbseq,A,True,8,0,0,0,0,0,I
5,1,hlavbseq,B,True,8,0,0,0,0,0,I
5,1,hlavbseq,C,True,8,16,0,0,0,16,I
5,1,hlavbseq,DRB1,True,8,0,0,0,0,0,II
5,1,hlavbseq,DQB1,True,8,0,0,0,0,0,II
5,1,hlahd,A,True,8,0,0,0,0,0,I
5,1,hlahd,B,True,8,0,0,0,0,0,I
5,1,hlahd,C,True,8,16,0,0,0,16,I
5,1,hlahd,DRB1,True,8,0,0,0,0,0,II
5,1,hlahd,DQB1,True,8,0,0,0,0,0,II
5,1,hisat,A,True,8,0,0,0,0,0,I
5,1,hisat,B,True,8,0,0,0,0,0,I
5,1,hisat,C,True,8,16,0,0,0,16,I
5,1,hisat,DRB1,True,8,0,0,0,0,0,II
5,1,hisat,DQB1,True,8,0,0,0,0,0,II
5,1,hlaforest,A,True,8,0,0,0,0,0,I
5,1,hlaforest,B,True,8,0,0,0,0,0,I
5,1,hlaforest,C,True,8,16,0,0,0,16,I
5,1,hlaforest,DRB1,True,8,0,0,0,0,0,II
5,1,hlaforest,DQB1,True,8,0,0,0,0,0,II
5,1,hlapers,A,True,8,0,0,0,0,0,I
5,1,hlapers,B,True,8,0,0,0,0,0,I
5,1,hlapers,C,True,8,16,0,0,0,16,I
5,1,hlapers,DRB1,True,8,0,0,0,0,0,II
5,1,hlapers,DQB1,True,8,0,0,0,0,0,II
5,1,T1K,A,True,8,0,0,0,0,0,I
5,1,T1K,B,True,8,0,0,0,0,0,I
5,1,T1K,C,True,8,16,0,0,0,16,I
5,1,T1K,DRB1,True,8,0,0,0,0,0,II
5,1,T1K,DQB1,True,8,0,0,0,0,0,II
5,1,rna2hla,A,True,8,0,0,0,0,0,I
5,1,rna2hla,B,True,8,0,0,0,0,0,I
5,1,rna2hla,C,True,8,16,0,0,0,16,I
5,1,rna2hla,DRB1,True,8,0,0,0,0,0,II
5,1,rna2hla,DQB1,True,8,0,0,0,0,0,II
5,2,arcas,A,True,8,0,0,0,0,0,I
5,2,arcas,B,True,8,0,0,0,0,0,I
5,2,arcas,C,True,8,16,0,0,0,16,I
5,2,arcas,DRB1,True,8,0,0,0,0,0,II
5,2,arcas,DQB1,True,8,0,0,0,0,0,II
5,2,optitype,A,True,8,0,0,0,0,0,I
5,2,optitype,B,True,8,0,0,0,0,0,I
5,2,optitype,C,True,8,11,0,5,0,16,I
5,2,optitype,DRB1,True,8,0,0,0,0,0,II
5,2,optitype,DQB1,True,8,0,0,0,0,0,II
5,2,seq2hla,A,True,8,0,0,0,0,0,I
5,2,seq2hla,B,True,8,0,0,0,0,0,I
5,2,seq2hla,C,True,8,10,0,6,0,16,I
5,2,seq2hla,DRB1,True,8,0,0,0,0,0,II
5,2,seq2hla,DQB1,True,8,0,0,0,0,0,II
5,2,hlaminer,A,True,8,0,0,0,0,0,I
5,2,hlaminer,B,True,8,0,0,0,0,0,I
5,2,hlaminer,C,True,8,0,0,6,10,16,I
5,2,hlaminer,DRB1,True,8,0,0,0,0,0,II
5,2,hlaminer,DQB1,True,8,0,0,0,0,0,II
5,2,phlat,A,True,8,0,0,0,0,0,I
5,2,phlat,B,True,8,0,0,0,0,0,I
5,2,phlat,C,True,8,16,0,0,0,16,I
5,2,phlat,DRB1,True,8,0,0,0,0,0,II
5,2,phlat,DQB1,True,8,0,0,0,0,0,II
5,2,hlavbseq,A,True,8,0,0,0,0,0,I
5,2,hlavbseq,B,True,8,0,0,0,0,0,I
5,2,hlavbseq,C,True,8,15,0,1,0,16,I
5,2,hlavbseq,DRB1,True,8,0,0,0,0,0,II
5,2,hlavbseq,DQB1,True,8,0,0,0,0,0,II
5,2,hlahd,A,True,8,0,0,0,0,0,I
5,2,hlahd,B,True,8,0,0,0,0,0,I
5,2,hlahd,C,True,8,15,0,1,0,16,I
5,2,hlahd,DRB1,True,8,0,0,0,0,0,II
5,2,hlahd,DQB1,True,8,0,0,0,0,0,II
5,2,hisat,A,True,8,0,0,0,0,0,I
5,2,hisat,B,True,8,0,0,0,0,0,I
5,2,hisat,C,True,8,16,0,0,0,16,I
5,2,hisat,DRB1,True,8,0,0,0,0,0,II
5,2,hisat,DQB1,True,8,0,0,0,0,0,II
5,2,hlaforest,A,True,8,0,0,0,0,0,I
5,2,hlaforest,B,True,8,0,0,0,0,0,I
5,2,hlaforest,C,True,8,16,0,0,0,16,I
5,2,hlaforest,DRB1,True,8,0,0,0,0,0,II
5,2,hlaforest,DQB1,True,8,0,0,0,0,0,II
5,2,hlapers,A,True,8,0,0,0,0,0,I
5,2,hlapers,B,True,8,0,0,0,0,0,I
5,2,hlapers,C,True,8,16,0,0,0,16,I
5,2,hlapers,DRB1,True,8,0,0,0,0,0,II
5,2,hlapers,DQB1,True,8,0,0,0,0,0,II
5,2,T1K,A,True,8,0,0,0,0,0,I
5,2,T1K,B,True,8,0,0,0,0,0,I
5,2,T1K,C,True,8,16,0,0,0,16,I
5,2,T1K,DRB1,True,8,0,0,0,0,0,II
5,2,T1K,DQB1,True,8,0,0,0,0,0,II
5,2,rna2hla,A,True,8,0,0,0,0,0,I
5,2,rna2hla,B,True,8,0,0,0,0,0,I
5,2,rna2hla,C,True,8,12,0,4,0,16,I
5,2,rna2hla,DRB1,True,8,0,0,0,0,0,II
5,2,rna2hla,DQB1,True,8,0,0,0,0,0,II
6,1,arcas,A,True,4,2,0,0,0,2,I
6,1,arcas,B,True,4,6,0,0,0,6,I
6,1,arcas,C,True,4,0,0,0,0,0,I
6,1,arcas,DRB1,True,4,0,0,0,0,0,II
6,1,arcas,DQB1,True,4,0,0,0,0,0,II
6,1,optitype,A,True,4,2,0,0,0,2,I
6,1,optitype,B,True,4,6,0,0,0,6,I
6,1,optitype,C,True,4,0,0,0,0,0,I
6,1,optitype,DRB1,True,4,0,0,0,0,0,II
6,1,optitype,DQB1,True,4,0,0,0,0,0,II
6,1,seq2hla,A,True,4,2,0,0,0,2,I
6,1,seq2hla,B,True,4,5,0,1,0,6,I
6,1,seq2hla,C,True,4,0,0,0,0,0,I
6,1,seq2hla,DRB1,True,4,0,0,0,0,0,II
6,1,seq2hla,DQB1,True,4,0,0,0,0,0,II
6,1,hlaminer,A,True,4,1,0,1,0,2,I
6,1,hlaminer,B,True,4,2,0,4,0,6,I
6,1,hlaminer,C,True,4,0,0,0,0,0,I
6,1,hlaminer,DRB1,True,4,0,0,0,0,0,II
6,1,hlaminer,DQB1,True,4,0,0,0,0,0,II
6,1,phlat,A,True,4,2,0,0,0,2,I
6,1,phlat,B,True,4,6,0,0,0,6,I
6,1,phlat,C,True,4,0,0,0,0,0,I
6,1,phlat,DRB1,True,4,0,0,0,0,0,II
6,1,phlat,DQB1,True,4,0,0,0,0,0,II
6,1,hlavbseq,A,True,4,2,0,0,0,2,I
6,1,hlavbseq,B,True,4,6,0,0,0,6,I
6,1,hlavbseq,C,True,4,0,0,0,0,0,I
6,1,hlavbseq,DRB1,True,4,0,0,0,0,0,II
6,1,hlavbseq,DQB1,True,4,0,0,0,0,0,II
6,1,hlahd,A,True,4,2,0,0,0,2,I
6,1,hlahd,B,True,4,6,0,0,0,6,I
6,1,hlahd,C,True,4,0,0,0,0,0,I
6,1,hlahd,DRB1,True,4,0,0,0,0,0,II
6,1,hlahd,DQB1,True,4,0,0,0,0,0,II
6,1,hisat,A,True,4,2,0,0,0,2,I
6,1,hisat,B,True,4,6,0,0,0,6,I
6,1,hisat,C,True,4,0,0,0,0,0,I
6,1,hisat,DRB1,True,4,0,0,0,0,0,II
6,1,hisat,DQB1,True,4,0,0,0,0,0,II
6,1,hlaforest,A,True,4,2,0,0,0,2,I
6,1,hlaforest,B,True,4,5,0,1,0,6,I
6,1,hlaforest,C,True,4,0,0,0,0,0,I
6,1,hlaforest,DRB1,True,4,0,0,0,0,0,II
6,1,hlaforest,DQB1,True,4,0,0,0,0,0,II
6,1,hlapers,A,True,4,2,0,0,0,2,I
6,1,hlapers,B,True,4,6,0,0,0,6,I
6,1,hlapers,C,True,4,0,0,0,0,0,I
6,1,hlapers,DRB1,True,4,0,0,0,0,0,II
6,1,hlapers,DQB1,True,4,0,0,0,0,0,II
6,1,T1K,A,True,4,2,0,0,0,2,I
6,1,T1K,B,True,4,6,0,0,0,6,I
6,1,T1K,C,True,4,0,0,0,0,0,I
6,1,T1K,DRB1,True,4,0,0,0,0,0,II
6,1,T1K,DQB1,True,4,0,0,0,0,0,II
6,1,rna2hla,A,True,4,2,0,0,0,2,I
6,1,rna2hla,B,True,4,5,0,1,0,6,I
6,1,rna2hla,C,True,4,0,0,0,0,0,I
6,1,rna2hla,DRB1,True,4,0,0,0,0,0,II
6,1,rna2hla,DQB1,True,4,0,0,0,0,0,II
6,2,arcas,A,True,4,2,0,0,0,2,I
6,2,arcas,B,True,4,6,0,0,0,6,I
6,2,arcas,C,True,4,0,0,0,0,0,I
6,2,arcas,DRB1,True,4,0,0,0,0,0,II
6,2,arcas,DQB1,True,4,0,0,0,0,0,II
6,2,optitype,A,True,4,1,0,1,0,2,I
6,2,optitype,B,True,4,6,0,0,0,6,I
6,2,optitype,C,True,4,0,0,0,0,0,I
6,2,optitype,DRB1,True,4,0,0,0,0,0,II
6,2,optitype,DQB1,True,4,0,0,0,0,0,II
6,2,seq2hla,A,True,4,0,0,2,0,2,I
6,2,seq2hla,B,True,4,5,0,1,0,6,I
6,2,seq2hla,C,True,4,0,0,0,0,0,I
6,2,seq2hla,DRB1,True,4,0,0,0,0,0,II
6,2,seq2hla,DQB1,True,4,0,0,0,0,0,II
6,2,hlaminer,A,True,4,1,0,1,0,2,I
6,2,hlaminer,B,True,4,0,0,6,0,6,I
6,2,hlaminer,C,True,4,0,0,0,0,0,I
6,2,hlaminer,DRB1,True,4,0,0,0,0,0,II
6,2,hlaminer,DQB1,True,4,0,0,0,0,0,II
6,2,phlat,A,True,4,2,0,0,0,2,I
6,2,phlat,B,True,4,6,0,0,0,6,I
6,2,phlat,C,True,4,0,0,0,0,0,I
6,2,phlat,DRB1,True,4,0,0,0,0,0,II
6,2,phlat,DQB1,True,4,0,0,0,0,0,II
6,2,hlavbseq,A,True,4,1,0,1,0,2,I
6,2,hlavbseq,B,True,4,5,0,1,0,6,I
6,2,hlavbseq,C,True,4,0,0,0,0,0,I
6,2,hlavbseq,DRB1,True,4,0,0,0,0,0,II
6,2,hlavbseq,DQB1,True,4,0,0,0,0,0,II
6,2,hlahd,A,True,4,1,0,1,0,2,I
6,2,hlahd,B,True,4,6,0,0,0,6,I
6,2,hlahd,C,True,4,0,0,0,0,0,I
6,2,hlahd,DRB1,True,4,0,0,0,0,0,II
6,2,hlahd,DQB1,True,4,0,0,0,0,0,II
6,2,hisat,A,True,4,1,0,1,0,2,I
6,2,hisat,B,True,4,6,0,0,0,6,I
6,2,hisat,C,True,4,0,0,0,0,0,I
6,2,hisat,DRB1,True,4,0,0,0,0,0,II
6,2,hisat,DQB1,True,4,0,0,0,0,0,II
6,2,hlaforest,A,True,4,0,0,2,0,2,I
6,2,hlaforest,B,True,4,3,0,3,0,6,I
6,2,hlaforest,C,True,4,0,0,0,0,0,I
6,2,hlaforest,DRB1,True,4,0,0,0,0,0,II
6,2,hlaforest,DQB1,True,4,0,0,0,0,0,II
6,2,hlapers,A,True,4,1,0,1,0,2,I
6,2,hlapers,B,True,4,5,0,1,0,6,I
6,2,hlapers,C,True,4,0,0,0,0,0,I
6,2,hlapers,DRB1,True,4,0,0,0,0,0,II
6,2,hlapers,DQB1,True,4,0,0,0,0,0,II
6,2,T1K,A,True,4,2,0,0,0,2,I
6,2,T1K,B,True,4,5,0,1,0,6,I
6,2,T1K,C,True,4,0,0,0,0,0,I
6,2,T1K,DRB1,True,4,0,0,0,0,0,II
6,2,T1K,DQB1,True,4,0,0,0,0,0,II
6,2,rna2hla,A,True,4,0,0,2,0,2,I
6,2,rna2hla,B,True,4,5,0,1,0,6,I
6,2,rna2hla,C,True,4,0,0,0,0,0,I
6,2,rna2hla,DRB1,True,4,0,0,0,0,0,II
6,2,rna2hla,DQB1,True,4,0,0,0,0,0,II
7,1,arcas,A,True,20,19,7,0,14,40,I
7,1,arcas,B,True,20,14,1,1,24,40,I
7,1,arcas,C,True,20,6,0,0,34,40,I
7,1,arcas,DRB1,True,20,16,0,0,24,40,II
7,1,arcas,DQB1,True,20,32,0,0,8,40,II
7,1,optitype,A,True,19,25,6,1,6,38,I
7,1,optitype,B,True,19,9,15,2,12,38,I
7,1,optitype,C,True,19,19,5,2,12,38,I
7,1,optitype,DRB1,True,19,0,0,0,38,38,II
7,1,optitype,DQB1,True,19,0,0,0,38,38,II
7,1,seq2hla,A,False,0,0,0,0,0,0,I
7,1,seq2hla,B,False,0,0,0,0,0,0,I
7,1,seq2hla,C,False,0,0,0,0,0,0,I
7,1,seq2hla,DRB1,False,0,0,0,0,0,0,II
7,1,seq2hla,DQB1,False,0,0,0,0,0,0,II
7,1,hlaminer,A,True,17,2,0,0,32,34,I
7,1,hlaminer,B,True,17,4,2,0,28,34,I
7,1,hlaminer,C,True,17,0,0,0,34,34,I
7,1,hlaminer,DRB1,True,17,8,2,0,24,34,II
7,1,hlaminer,DQB1,True,17,14,0,0,20,34,II
7,1,phlat,A,False,0,0,0,0,0,0,I
7,1,phlat,B,False,0,0,0,0,0,0,I
7,1,phlat,C,False,0,0,0,0,0,0,I
7,1,phlat,DRB1,False,0,0,0,0,0,0,II
7,1,phlat,DQB1,False,0,0,0,0,0,0,II
7,1,hlavbseq,A,True,20,11,1,28,0,40,I
7,1,hlavbseq,B,True,20,4,0,36,0,40,I
7,1,hlavbseq,C,True,20,4,0,36,0,40,I
7,1,hlavbseq,DRB1,True,20,12,25,3,0,40,II
7,1,hlavbseq,DQB1,True,20,29,11,0,0,40,II
7,1,hlahd,A,False,0,0,0,0,0,0,I
7,1,hlahd,B,False,0,0,0,0,0,0,I
7,1,hlahd,C,False,0,0,0,0,0,0,I
7,1,hlahd,DRB1,False,0,0,0,0,0,0,II
7,1,hlahd,DQB1,False,0,0,0,0,0,0,II
7,1,hisat,A,False,0,0,0,0,0,0,I
7,1,hisat,B,False,0,0,0,0,0,0,I
7,1,hisat,C,False,0,0,0,0,0,0,I
7,1,hisat,DRB1,False,0,0,0,0,0,0,II
7,1,hisat,DQB1,False,0,0,0,0,0,0,II
7,1,hlaforest,A,False,0,0,0,0,0,0,I
7,1,hlaforest,B,False,0,0,0,0,0,0,I
7,1,hlaforest,C,False,0,0,0,0,0,0,I
7,1,hlaforest,DRB1,False,0,0,0,0,0,0,II
7,1,hlaforest,DQB1,False,0,0,0,0,0,0,II
7,1,hlapers,A,True,20,33,7,0,0,40,I
7,1,hlapers,B,True,20,27,13,0,0,40,I
7,1,hlapers,C,True,20,34,6,0,0,40,I
7,1,hlapers,DRB1,True,20,26,0,14,0,40,II
7,1,hlapers,DQB1,True,20,40,0,0,0,40,II
7,1,T1K,A,True,0,0,0,0,0,0,I
7,1,T1K,B,True,0,0,0,0,0,0,I
7,1,T1K,C,True,0,0,0,0,0,0,I
7,1,T1K,DRB1,True,0,0,0,0,0,0,II
7,1,T1K,DQB1,True,0,0,0,0,0,0,II
7,1,rna2hla,A,True,20,22,14,4,0,40,I
7,1,rna2hla,B,True,20,9,15,16,0,40,I
7,1,rna2hla,C,True,20,18,10,12,0,40,I
7,1,rna2hla,DRB1,True,20,31,7,2,0,40,II
7,1,rna2hla,DQB1,True,20,31,1,8,0,40,II
7,2,arcas,A,True,20,12,6,8,14,40,I
7,2,arcas,B,True,20,7,0,9,24,40,I
7,2,arcas,C,True,20,2,0,4,34,40,I
7,2,arcas,DRB1,True,20,11,0,5,24,40,II
7,2,arcas,DQB1,True,20,7,1,24,8,40,II
7,2,optitype,A,True,19,24,4,4,6,38,I
7,2,optitype,B,True,19,9,9,8,12,38,I
7,2,optitype,C,True,19,11,8,7,12,38,I
7,2,optitype,DRB1,True,19,0,0,0,38,38,II
7,2,optitype,DQB1,True,19,0,0,0,38,38,II
7,2,seq2hla,A,False,0,0,0,0,0,0,I
7,2,seq2hla,B,False,0,0,0,0,0,0,I
7,2,seq2hla,C,False,0,0,0,0,0,0,I
7,2,seq2hla,DRB1,False,0,0,0,0,0,0,II
7,2,seq2hla,DQB1,False,0,0,0,0,0,0,II
7,2,hlaminer,A,True,17,0,0,2,32,34,I
7,2,hlaminer,B,True,17,2,0,4,28,34,I
7,2,hlaminer,C,True,17,0,0,0,34,34,I
7,2,hlaminer,DRB1,True,17,6,0,4,24,34,II
7,2,hlaminer,DQB1,True,17,8,4,2,20,34,II
7,2,phlat,A,False,0,0,0,0,0,0,I
7,2,phlat,B,False,0,0,0,0,0,0,I
7,2,phlat,C,False,0,0,0,0,0,0,I
7,2,phlat,DRB1,False,0,0,0,0,0,0,II
7,2,phlat,DQB1,False,0,0,0,0,0,0,II
7,2,hlavbseq,A,True,20,8,4,28,0,40,I
7,2,hlavbseq,B,True,20,0,0,40,0,40,I
7,2,hlavbseq,C,True,20,4,0,36,0,40,I
7,2,hlavbseq,DRB1,True,20,10,26,4,0,40,II
7,2,hlavbseq,DQB1,True,20,1,6,33,0,40,II
7,2,hlahd,A,False,0,0,0,0,0,0,I
7,2,hlahd,B,False,0,0,0,0,0,0,I
7,2,hlahd,C,False,0,0,0,0,0,0,I
7,2,hlahd,DRB1,False,0,0,0,0,0,0,II
7,2,hlahd,DQB1,False,0,0,0,0,0,0,II
7,2,hisat,A,False,0,0,0,0,0,0,I
7,2,hisat,B,False,0,0,0,0,0,0,I
7,2,hisat,C,False,0,0,0,0,0,0,I
7,2,hisat,DRB1,False,0,0,0,0,0,0,II
7,2,hisat,DQB1,False,0,0,0,0,0,0,II
7,2,hlaforest,A,False,0,0,0,0,0,0,I
7,2,hlaforest,B,False,0,0,0,0,0,0,I
7,2,hlaforest,C,False,0,0,0,0,0,0,I
7,2,hlaforest,DRB1,False,0,0,0,0,0,0,II
7,2,hlaforest,DQB1,False,0,0,0,0,0,0,II
7,2,hlapers,A,True,20,14,0,26,0,40,I
7,2,hlapers,B,True,20,16,0,24,0,40,I
7,2,hlapers,C,True,20,12,0,28,0,40,I
7,2,hlapers,DRB1,True,20,24,0,16,0,40,II
7,2,hlapers,DQB1,True,20,16,1,23,0,40,II
7,2,T1K,A,True,0,0,0,0,0,0,I
7,2,T1K,B,True,0,0,0,0,0,0,I
7,2,T1K,C,True,0,0,0,0,0,0,I
7,2,T1K,DRB1,True,0,0,0,0,0,0,II
7,2,T1K,DQB1,True,0,0,0,0,0,0,II
7,2,rna2hla,A,True,20,14,8,18,0,40,I
7,2,rna2hla,B,True,20,5,3,32,0,40,I
7,2,rna2hla,C,True,20,14,6,20,0,40,I
7,2,rna2hla,DRB1,True,20,24,2,14,0,40,II
7,2,rna2hla,DQB1,True,20,26,2,12,0,40,II
8,1,arcas,A,True,3,0,0,0,6,6,I
8,1,arcas,B,True,3,4,0,2,0,6,I
8,1,arcas,C,True,3,0,0,0,6,6,I
8,1,arcas,DRB1,True,3,4,0,0,2,6,II
8,1,arcas,DQB1,True,3,2,0,0,4,6,II
8,1,optitype,A,True,3,2,0,0,4,6,I
8,1,optitype,B,True,3,1,0,5,0,6,I
8,1,optitype,C,True,3,5,1,0,0,6,I
8,1,optitype,DRB1,True,3,0,0,0,6,6,II
8,1,optitype,DQB1,True,3,0,0,0,6,6,II
8,1,seq2hla,A,True,3,2,0,0,4,6,I
8,1,seq2hla,B,True,3,2,0,0,4,6,I
8,1,seq2hla,C,True,3,0,0,0,6,6,I
8,1,seq2hla,DRB1,True,3,6,0,0,0,6,II
8,1,seq2hla,DQB1,True,3,2,0,0,4,6,II
8,1,hlaminer,A,True,3,2,0,0,4,6,I
8,1,hlaminer,B,True,3,2,0,0,4,6,I
8,1,hlaminer,C,True,3,0,0,0,6,6,I
8,1,hlaminer,DRB1,True,3,6,0,0,0,6,II
8,1,hlaminer,DQB1,True,3,0,0,0,6,6,II
8,1,phlat,A,False,0,0,0,0,0,0,I
8,1,phlat,B,False,0,0,0,0,0,0,I
8,1,phlat,C,False,0,0,0,0,0,0,I
8,1,phlat,DRB1,False,0,0,0,0,0,0,II
8,1,phlat,DQB1,False,0,0,0,0,0,0,II
8,1,hlavbseq,A,True,3,3,0,3,0,6,I
8,1,hlavbseq,B,True,3,2,0,4,0,6,I
8,1,hlavbseq,C,True,3,3,1,2,0,6,I
8,1,hlavbseq,DRB1,True,3,2,3,1,0,6,II
8,1,hlavbseq,DQB1,True,3,3,3,0,0,6,II
8,1,hlahd,A,True,3,0,0,0,6,6,I
8,1,hlahd,B,True,3,2,0,0,4,6,I
8,1,hlahd,C,True,3,2,0,0,4,6,I
8,1,hlahd,DRB1,True,3,2,0,0,4,6,II
8,1,hlahd,DQB1,True,3,2,0,0,4,6,II
8,1,hisat,A,True,3,0,0,0,6,6,I
8,1,hisat,B,True,3,0,0,0,6,6,I
8,1,hisat,C,True,3,0,0,0,6,6,I
8,1,hisat,DRB1,True,3,0,0,0,6,6,II
8,1,hisat,DQB1,True,3,0,0,0,6,6,II
8,1,hlaforest,A,True,3,2,0,0,4,6,I
8,1,hlaforest,B,True,3,0,0,6,0,6,I
8,1,hlaforest,C,True,3,0,0,0,6,6,I
8,1,hlaforest,DRB1,True,3,6,0,0,0,6,II
8,1,hlaforest,DQB1,True,3,0,0,0,6,6,II
8,1,hlapers,A,True,3,4,0,0,2,6,I
8,1,hlapers,B,True,3,5,0,1,0,6,I
8,1,hlapers,C,True,3,4,2,0,0,6,I
8,1,hlapers,DRB1,True,3,3,0,3,0,6,II
8,1,hlapers,DQB1,True,3,2,0,0,4,6,II
8,1,T1K,A,True,3,2,0,0,4,6,I
8,1,T1K,B,True,3,1,0,5,0,6,I
8,1,T1K,C,True,3,0,0,0,6,6,I
8,1,T1K,DRB1,True,3,6,0,0,0,6,II
8,1,T1K,DQB1,True,3,2,0,0,4,6,II
8,1,rna2hla,A,True,3,2,0,0,4,6,I
8,1,rna2hla,B,True,3,2,0,0,4,6,I
8,1,rna2hla,C,True,3,0,0,0,6,6,I
8,1,rna2hla,DRB1,True,3,6,0,0,0,6,II
8,1,rna2hla,DQB1,True,3,0,0,0,6,6,II
8,2,arcas,A,True,3,0,0,0,6,6,I
8,2,arcas,B,True,3,1,0,5,0,6,I
8,2,arcas,C,True,3,0,0,0,6,6,I
8,2,arcas,DRB1,True,3,4,0,0,2,6,II
8,2,arcas,DQB1,True,3,1,0,1,4,6,II
8,2,optitype,A,True,3,2,0,0,4,6,I
8,2,optitype,B,True,3,0,0,6,0,6,I
8,2,optitype,C,True,3,3,0,3,0,6,I
8,2,optitype,DRB1,True,3,0,0,0,6,6,II
8,2,optitype,DQB1,True,3,0,0,0,6,6,II
8,2,seq2hla,A,True,3,0,0,2,4,6,I
8,2,seq2hla,B,True,3,2,0,0,4,6,I
8,2,seq2hla,C,True,3,0,0,0,6,6,I
8,2,seq2hla,DRB1,True,3,6,0,0,0,6,II
8,2,seq2hla,DQB1,True,3,0,0,2,4,6,II
8,2,hlaminer,A,True,3,0,0,2,4,6,I
8,2,hlaminer,B,True,3,0,0,2,4,6,I
8,2,hlaminer,C,True,3,0,0,0,6,6,I
8,2,hlaminer,DRB1,True,3,0,0,6,0,6,II
8,2,hlaminer,DQB1,True,3,0,0,0,6,6,II
8,2,phlat,A,False,0,0,0,0,0,0,I
8,2,phlat,B,False,0,0,0,0,0,0,I
8,2,phlat,C,False,0,0,0,0,0,0,I
8,2,phlat,DRB1,False,0,0,0,0,0,0,II
8,2,phlat,DQB1,False,0,0,0,0,0,0,II
8,2,hlavbseq,A,True,3,1,0,5,0,6,I
8,2,hlavbseq,B,True,3,1,0,5,0,6,I
8,2,hlavbseq,C,True,3,0,0,6,0,6,I
8,2,hlavbseq,DRB1,True,3,2,3,1,0,6,II
8,2,hlavbseq,DQB1,True,3,2,1,3,0,6,II
8,2,hlahd,A,True,3,0,0,0,6,6,I
8,2,hlahd,B,True,3,2,0,0,4,6,I
8,2,hlahd,C,True,3,2,0,0,4,6,I
8,2,hlahd,DRB1,True,3,2,0,0,4,6,II
8,2,hlahd,DQB1,True,3,2,0,0,4,6,II
8,2,hisat,A,True,3,0,0,0,6,6,I
8,2,hisat,B,True,3,0,0,0,6,6,I
8,2,hisat,C,True,3,0,0,0,6,6,I
8,2,hisat,DRB1,True,3,0,0,0,6,6,II
8,2,hisat,DQB1,True,3,0,0,0,6,6,II
8,2,hlaforest,A,True,3,0,0,2,4,6,I
8,2,hlaforest,B,True,3,0,0,6,0,6,I
8,2,hlaforest,C,True,3,0,0,0,6,6,I
8,2,hlaforest,DRB1,True,3,5,0,1,0,6,II
8,2,hlaforest,DQB1,True,3,0,0,0,6,6,II
8,2,hlapers,A,True,3,0,0,4,2,6,I
8,2,hlapers,B,True,3,0,0,6,0,6,I
8,2,hlapers,C,True,3,1,0,5,0,6,I
8,2,hlapers,DRB1,True,3,1,0,5,0,6,II
8,2,hlapers,DQB1,True,3,2,0,0,4,6,II
8,2,T1K,A,True,3,0,0,2,4,6,I
8,2,T1K,B,True,3,1,0,5,0,6,I
8,2,T1K,C,True,3,0,0,0,6,6,I
8,2,T1K,DRB1,True,3,5,0,1,0,6,II
8,2,T1K,DQB1,True,3,2,0,0,4,6,II
8,2,rna2hla,A,True,3,0,0,2,4,6,I
8,2,rna2hla,B,True,3,2,0,0,4,6,I
8,2,rna2hla,C,True,3,0,0,0,6,6,I
8,2,rna2hla,DRB1,True,3,6,0,0,0,6,II
8,2,rna2hla,DQB1,True,3,0,0,0,6,6,II
