Dataset,N,Resolution,Mode,Tool,ToolStatus,NMatched,Overall,ClassI,ClassII
1,490,1-field,unfiltered,arcas,scored,490,0.996327,0.995918,0.996939
1,490,1-field,unfiltered,optitype,scored,490,0.598163,0.996939,0.000000
1,490,1-field,unfiltered,seq2hla,scored,490,0.984694,0.990476,0.976020
1,490,1-field,unfiltered,hlaminer,scored,490,0.243673,0.194558,0.317347
1,490,1-field,unfiltered,phlat,scored,490,0.922041,0.977211,0.839286
1,490,1-field,unfiltered,hlavbseq,scored,490,0.983265,0.982653,0.984184
1,490,1-field,unfiltered,hlahd,scored,490,0.990204,0.988776,0.992347
1,490,1-field,unfiltered,hisat,scored,490,0.993061,0.996259,0.988265
1,490,1-field,unfiltered,hlaforest,scored,490,0.991020,0.986735,0.997449
1,490,1-field,unfiltered,hlapers,scored,490,0.907959,0.848639,0.996939
1,490,1-field,unfiltered,T1K,scored,490,0.996531,0.996259,0.996939
1,490,1-field,unfiltered,rna2hla,scored,490,0.984694,0.990476,0.976020
1,490,1-field,filtered,arcas,scored,490,0.996327,0.995918,0.996939
1,490,1-field,filtered,optitype,scored,490,0.598163,0.996939,0.000000
1,490,1-field,filtered,seq2hla,scored,490,0.984694,0.990476,0.976020
1,490,1-field,filtered,hlaminer,scored,490,0.247872,0.200210,0.317347
1,490,1-field,filtered,phlat,scored,490,0.923549,0.979877,0.839286
1,490,1-field,filtered,hlavbseq,scored,490,0.983868,0.982987,0.985189
1,490,1-field,filtered,hlahd,scored,490,0.990406,0.989112,0.992347
1,490,1-field,filtered,hisat,scored,490,0.993061,0.996259,0.988265
1,490,1-field,filtered,hlaforest,scored,490,0.991020,0.986735,0.997449
1,490,1-field,filtered,hlapers,scored,490,0.907959,0.848639,0.996939
1,490,1-field,filtered,T1K,scored,490,0.996531,0.996259,0.996939
1,490,1-field,filtered,rna2hla,scored,490,0.984694,0.990476,0.976020
1,490,2-field,unfiltered,arcas,scored,490,0.940408,0.945918,0.932143
1,490,2-field,unfiltered,optitype,scored,490,0.592245,0.987075,0.000000
1,490,2-field,unfiltered,seq2hla,scored,490,0.936939,0.967347,0.891327
1,490,2-field,unfiltered,hlaminer,scored,490,0.078571,0.062245,0.103061
1,490,2-field,unfiltered,phlat,scored,490,0.834286,0.890476,0.750000
1,490,2-field,unfiltered,hlavbseq,scored,490,0.895510,0.898980,0.890306
1,490,2-field,unfiltered,hlahd,scored,490,0.952449,0.953741,0.950510
1,490,2-field,unfiltered,hisat,scored,490,0.958163,0.971429,0.938265
1,490,2-field,unfiltered,hlaforest,scored,490,0.855918,0.823469,0.904592
1,490,2-field,unfiltered,hlapers,scored,490,0.821020,0.743537,0.937245
1,490,2-field,unfiltered,T1K,scored,490,0.969388,0.982653,0.949490
1,490,2-field,unfiltered,rna2hla,scored,490,0.936939,0.967347,0.891327
1,490,2-field,filtered,arcas,scored,490,0.973795,0.987220,0.954047
1,490,2-field,filtered,optitype,scored,490,0.593577,0.990782,0.000000
1,490,2-field,filtered,seq2hla,scored,490,0.971640,0.984083,0.952044
1,490,2-field,filtered,hlaminer,scored,490,0.167976,0.150617,0.187558
1,490,2-field,filtered,phlat,scored,490,0.886768,0.968195,0.771249
1,490,2-field,filtered,hlavbseq,scored,490,0.928284,0.953807,0.892127
1,490,2-field,filtered,hlahd,scored,490,0.971887,0.983170,0.955385
1,490,2-field,filtered,hisat,scored,490,0.970643,0.985507,0.948427
1,490,2-field,filtered,hlaforest,scored,490,0.927466,0.925459,0.930220
1,490,2-field,filtered,hlapers,scored,490,0.971974,0.986017,0.955775
1,490,2-field,filtered,T1K,scored,490,0.974359,0.988030,0.953870
1,490,2-field,filtered,rna2hla,scored,490,0.971640,0.984083,0.952044
2,86,1-field,unfiltered,arcas,scored,86,1.000000,,1.000000
2,86,1-field,unfiltered,optitype,scored,86,0.000000,,0.000000
2,86,1-field,unfiltered,seq2hla,partial,84,0.678571,,0.678571
2,86,1-field,unfiltered,hlaminer,scored,86,0.383721,,0.383721
2,86,1-field,unfiltered,phlat,scored,86,1.000000,,1.000000
2,86,1-field,unfiltered,hlavbseq,scored,86,0.593023,,0.593023
2,86,1-field,unfiltered,hlahd,scored,86,1.000000,,1.000000
2,86,1-field,unfiltered,hisat,scored,86,1.000000,,1.000000
2,86,1-field,unfiltered,hlaforest,scored,86,1.000000,,1.000000
2,86,1-field,unfiltered,hlapers,scored,86,1.000000,,1.000000
2,86,1-field,unfiltered,T1K,scored,86,1.000000,,1.000000
2,86,1-field,unfiltered,rna2hla,scored,86,0.924419,,0.924419
2,86,1-field,filtered,arcas,scored,86,1.000000,,1.000000
2,86,1-field,filtered,optitype,scored,86,0.000000,,0.000000
2,86,1-field,filtered,seq2hla,partial,84,0.678571,,0.678571
2,86,1-field,filtered,hlaminer,scored,86,0.402439,,0.402439
2,86,1-field,filtered,phlat,scored,86,1.000000,,1.000000
2,86,1-field,filtered,hlavbseq,scored,86,0.593023,,0.593023
2,86,1-field,filtered,hlahd,scored,86,1.000000,,1.000000
2,86,1-field,filtered,hisat,scored,86,1.000000,,1.000000
2,86,1-field,filtered,hlaforest,scored,86,1.000000,,1.000000
2,86,1-field,filtered,hlapers,scored,86,1.000000,,1.000000
2,86,1-field,filtered,T1K,scored,86,1.000000,,1.000000
2,86,1-field,filtered,rna2hla,scored,86,0.924419,,0.924419
2,86,2-field,unfiltered,arcas,scored,86,0.970930,,0.970930
2,86,2-field,unfiltered,optitype,scored,86,0.000000,,0.000000
2,86,2-field,unfiltered,seq2hla,partial,84,0.571429,,0.571429
2,86,2-field,unfiltered,hlaminer,scored,86,0.127907,,0.127907
2,86,2-field,unfiltered,phlat,scored,86,0.930233,,0.930233
2,86,2-field,unfiltered,hlavbseq,scored,86,0.558140,,0.558140
2,86,2-field,unfiltered,hlahd,scored,86,0.970930,,0.970930
2,86,2-field,unfiltered,hisat,scored,86,0.953488,,0.953488
2,86,2-field,unfiltered,hlaforest,scored,86,0.860465,,0.860465
2,86,2-field,unfiltered,hlapers,scored,86,0.866279,,0.866279
2,86,2-field,unfiltered,T1K,scored,86,0.970930,,0.970930
2,86,2-field,unfiltered,rna2hla,scored,86,0.767442,,0.767442
2,86,2-field,filtered,arcas,scored,86,1.000000,,1.000000
2,86,2-field,filtered,optitype,scored,86,0.000000,,0.000000
2,86,2-field,filtered,seq2hla,partial,84,0.657534,,0.657534
2,86,2-field,filtered,hlaminer,scored,86,0.372881,,0.372881
2,86,2-field,filtered,phlat,scored,86,1.000000,,1.000000
2,86,2-field,filtered,hlavbseq,scored,86,0.585366,,0.585366
2,86,2-field,filtered,hlahd,scored,86,1.000000,,1.000000
2,86,2-field,filtered,hisat,scored,86,1.000000,,1.000000
2,86,2-field,filtered,hlaforest,scored,86,1.000000,,1.000000
2,86,2-field,filtered,hlapers,scored,86,1.000000,,1.000000
2,86,2-field,filtered,T1K,scored,86,1.000000,,1.000000
2,86,2-field,filtered,rna2hla,scored,86,0.880000,,0.880000
3,50,1-field,unfiltered,arcas,scored,50,0.976667,0.976667,
3,50,1-field,unfiltered,optitype,scored,50,0.973333,0.973333,
3,50,1-field,unfiltered,seq2hla,scored,50,0.976667,0.976667,
3,50,1-field,unfiltered,hlaminer,scored,50,0.210000,0.210000,
3,50,1-field,unfiltered,phlat,scored,50,0.956667,0.956667,
3,50,1-field,unfiltered,hlavbseq,scored,50,0.976667,0.976667,
3,50,1-field,unfiltered,hlahd,scored,50,0.950000,0.950000,
3,50,1-field,unfiltered,hisat,scored,50,0.973333,0.973333,
3,50,1-field,unfiltered,hlaforest,scored,50,0.966667,0.966667,
3,50,1-field,unfiltered,hlapers,scored,50,0.756667,0.756667,
3,50,1-field,unfiltered,T1K,scored,50,0.970000,0.970000,
3,50,1-field,unfiltered,rna2hla,scored,50,0.976667,0.976667,
3,50,1-field,filtered,arcas,scored,50,0.976667,0.976667,
3,50,1-field,filtered,optitype,scored,50,0.976589,0.976589,
3,50,1-field,filtered,seq2hla,scored,50,0.979933,0.979933,
3,50,1-field,filtered,hlaminer,scored,50,0.249012,0.249012,
3,50,1-field,filtered,phlat,scored,50,0.966330,0.966330,
3,50,1-field,filtered,hlavbseq,scored,50,0.979933,0.979933,
3,50,1-field,filtered,hlahd,scored,50,0.956376,0.956376,
3,50,1-field,filtered,hisat,scored,50,0.973333,0.973333,
3,50,1-field,filtered,hlaforest,scored,50,0.966667,0.966667,
3,50,1-field,filtered,hlapers,scored,50,0.756667,0.756667,
3,50,1-field,filtered,T1K,scored,50,0.970000,0.970000,
3,50,1-field,filtered,rna2hla,scored,50,0.979933,0.979933,
3,50,2-field,unfiltered,arcas,scored,50,0.683333,0.683333,
3,50,2-field,unfiltered,optitype,scored,50,0.946667,0.946667,
3,50,2-field,unfiltered,seq2hla,scored,50,0.923333,0.923333,
3,50,2-field,unfiltered,hlaminer,scored,50,0.070000,0.070000,
3,50,2-field,unfiltered,phlat,scored,50,0.836667,0.836667,
3,50,2-field,unfiltered,hlavbseq,scored,50,0.886667,0.886667,
3,50,2-field,unfiltered,hlahd,scored,50,0.650000,0.650000,
3,50,2-field,unfiltered,hisat,scored,50,0.700000,0.700000,
3,50,2-field,unfiltered,hlaforest,scored,50,0.856667,0.856667,
3,50,2-field,unfiltered,hlapers,scored,50,0.176667,0.176667,
3,50,2-field,unfiltered,T1K,scored,50,0.693333,0.693333,
3,50,2-field,unfiltered,rna2hla,scored,50,0.923333,0.923333,
3,50,2-field,filtered,arcas,scored,50,0.936073,0.936073,
3,50,2-field,filtered,optitype,scored,50,0.965986,0.965986,
3,50,2-field,filtered,seq2hla,scored,50,0.955172,0.955172,
3,50,2-field,filtered,hlaminer,scored,50,0.187500,0.187500,
3,50,2-field,filtered,phlat,scored,50,0.954373,0.954373,
3,50,2-field,filtered,hlavbseq,scored,50,0.956835,0.956835,
3,50,2-field,filtered,hlahd,scored,50,0.970149,0.970149,
3,50,2-field,filtered,hisat,scored,50,0.967742,0.967742,
3,50,2-field,filtered,hlaforest,scored,50,0.917857,0.917857,
3,50,2-field,filtered,hlapers,scored,50,0.854839,0.854839,
3,50,2-field,filtered,T1K,scored,50,0.958525,0.958525,
3,50,2-field,filtered,rna2hla,scored,50,0.955172,0.955172,
4,14,1-field,unfiltered,arcas,scored,14,0.142857,,0.142857
4,14,1-field,unfiltered,optitype,scored,14,0.000000,,0.000000
4,14,1-field,unfiltered,seq2hla,scored,14,0.392857,,0.392857
4,14,1-field,unfiltered,hlaminer,scored,14,0.357143,,0.357143
4,14,1-field,unfiltered,phlat,partial,7,0.928571,,0.928571
4,14,1-field,unfiltered,hlavbseq,partial,12,0.125000,,0.125000
4,14,1-field,unfiltered,hlahd,scored,14,0.642857,,0.642857
4,14,1-field,unfiltered,hisat,scored,14,0.607143,,0.607143
4,14,1-field,unfiltered,hlaforest,partial,12,0.875000,,0.875000
4,14,1-field,unfiltered,hlapers,scored,14,0.821429,,0.821429
4,14,1-field,unfiltered,T1K,scored,14,0.892857,,0.892857
4,14,1-field,unfiltered,rna2hla,scored,14,0.392857,,0.392857
4,14,1-field,filtered,arcas,scored,14,0.142857,,0.142857
4,14,1-field,filtered,optitype,scored,14,0.000000,,0.000000
4,14,1-field,filtered,seq2hla,scored,14,0.785714,,0.785714
4,14,1-field,filtered,hlaminer,scored,14,0.434783,,0.434783
4,14,1-field,filtered,phlat,partial,7,0.928571,,0.928571
4,14,1-field,filtered,hlavbseq,partial,12,0.300000,,0.300000
4,14,1-field,filtered,hlahd,scored,14,0.642857,,0.642857
4,14,1-field,filtered,hisat,scored,14,0.629630,,0.629630
4,14,1-field,filtered,hlaforest,partial,12,0.875000,,0.875000
4,14,1-field,filtered,hlapers,scored,14,0.821429,,0.821429
4,14,1-field,filtered,T1K,scored,14,0.892857,,0.892857
4,14,1-field,filtered,rna2hla,scored,14,0.785714,,0.785714
4,14,2-field,unfiltered,arcas,scored,14,0.142857,,0.142857
4,14,2-field,unfiltered,optitype,scored,14,0.000000,,0.000000
4,14,2-field,unfiltered,seq2hla,scored,14,0.321429,,0.321429
4,14,2-field,unfiltered,hlaminer,scored,14,0.035714,,0.035714
4,14,2-field,unfiltered,phlat,partial,7,0.642857,,0.642857
4,14,2-field,unfiltered,hlavbseq,partial,12,0.125000,,0.125000
4,14,2-field,unfiltered,hlahd,scored,14,0.535714,,0.535714
4,14,2-field,unfiltered,hisat,scored,14,0.392857,,0.392857
4,14,2-field,unfiltered,hlaforest,partial,12,0.583333,,0.583333
4,14,2-field,unfiltered,hlapers,scored,14,0.607143,,0.607143
4,14,2-field,unfiltered,T1K,scored,14,0.821429,,0.821429
4,14,2-field,unfiltered,rna2hla,scored,14,0.321429,,0.321429
4,14,2-field,filtered,arcas,scored,14,0.142857,,0.142857
4,14,2-field,filtered,optitype,scored,14,0.000000,,0.000000
4,14,2-field,filtered,seq2hla,scored,14,1.000000,,1.000000
4,14,2-field,filtered,hlaminer,scored,14,0.090909,,0.090909
4,14,2-field,filtered,phlat,partial,7,0.900000,,0.900000
4,14,2-field,filtered,hlavbseq,partial,12,0.300000,,0.300000
4,14,2-field,filtered,hlahd,scored,14,0.600000,,0.600000
4,14,2-field,filtered,hisat,scored,14,0.578947,,0.578947
4,14,2-field,filtered,hlaforest,partial,12,0.933333,,0.933333
4,14,2-field,filtered,hlapers,scored,14,0.944444,,0.944444
4,14,2-field,filtered,T1K,scored,14,0.920000,,0.920000
4,14,2-field,filtered,rna2hla,scored,14,1.000000,,1.000000
5,8,1-field,unfiltered,arcas,scored,8,1.000000,1.000000,
5,8,1-field,unfiltered,optitype,scored,8,0.687500,0.687500,
5,8,1-field,unfiltered,seq2hla,scored,8,1.000000,1.000000,
5,8,1-field,unfiltered,hlaminer,scored,8,0.000000,0.000000,
5,8,1-field,unfiltered,phlat,scored,8,1.000000,1.000000,
5,8,1-field,unfiltered,hlavbseq,scored,8,1.000000,1.000000,
5,8,1-field,unfiltered,hlahd,scored,8,1.000000,1.000000,
5,8,1-field,unfiltered,hisat,scored,8,1.000000,1.000000,
5,8,1-field,unfiltered,hlaforest,scored,8,1.000000,1.000000,
5,8,1-field,unfiltered,hlapers,scored,8,1.000000,1.000000,
5,8,1-field,unfiltered,T1K,scored,8,1.000000,1.000000,
5,8,1-field,unfiltered,rna2hla,scored,8,1.000000,1.000000,
5,8,1-field,filtered,arcas,scored,8,1.000000,1.000000,
5,8,1-field,filtered,optitype,scored,8,1.000000,1.000000,
5,8,1-field,filtered,seq2hla,scored,8,1.000000,1.000000,
5,8,1-field,filtered,hlaminer,scored,8,0.000000,0.000000,
5,8,1-field,filtered,phlat,scored,8,1.000000,1.000000,
5,8,1-field,filtered,hlavbseq,scored,8,1.000000,1.000000,
5,8,1-field,filtered,hlahd,scored,8,1.000000,1.000000,
5,8,1-field,filtered,hisat,scored,8,1.000000,1.000000,
5,8,1-field,filtered,hlaforest,scored,8,1.000000,1.000000,
5,8,1-field,filtered,hlapers,scored,8,1.000000,1.000000,
5,8,1-field,filtered,T1K,scored,8,1.000000,1.000000,
5,8,1-field,filtered,rna2hla,scored,8,1.000000,1.000000,
5,8,2-field,unfiltered,arcas,scored,8,1.000000,1.000000,
5,8,2-field,unfiltered,optitype,scored,8,0.687500,0.687500,
5,8,2-field,unfiltered,seq2hla,scored,8,0.750000,0.750000,
5,8,2-field,unfiltered,hlaminer,scored,8,0.000000,0.000000,
5,8,2-field,unfiltered,phlat,scored,8,1.000000,1.000000,
5,8,2-field,unfiltered,hlavbseq,scored,8,0.937500,0.937500,
5,8,2-field,unfiltered,hlahd,scored,8,0.937500,0.937500,
5,8,2-field,unfiltered,hisat,scored,8,1.000000,1.000000,
5,8,2-field,unfiltered,hlaforest,scored,8,1.000000,1.000000,
5,8,2-field,unfiltered,hlapers,scored,8,1.000000,1.000000,
5,8,2-field,unfiltered,T1K,scored,8,1.000000,1.000000,
5,8,2-field,unfiltered,rna2hla,scored,8,0.750000,0.750000,
5,8,2-field,filtered,arcas,scored,8,1.000000,1.000000,
5,8,2-field,filtered,optitype,scored,8,1.000000,1.000000,
5,8,2-field,filtered,seq2hla,scored,8,1.000000,1.000000,
5,8,2-field,filtered,hlaminer,scored,8,0.000000,0.000000,
5,8,2-field,filtered,phlat,scored,8,1.000000,1.000000,
5,8,2-field,filtered,hlavbseq,scored,8,1.000000,1.000000,
5,8,2-field,filtered,hlahd,scored,8,1.000000,1.000000,
5,8,2-field,filtered,hisat,scored,8,1.000000,1.000000,
5,8,2-field,filtered,hlaforest,scored,8,1.000000,1.000000,
5,8,2-field,filtered,hlapers,scored,8,1.000000,1.000000,
5,8,2-field,filtered,T1K,scored,8,1.000000,1.000000,
5,8,2-field,filtered,rna2hla,scored,8,1.000000,1.000000,
6,4,1-field,unfiltered,arcas,scored,4,1.000000,1.000000,
6,4,1-field,unfiltered,optitype,scored,4,1.000000,1.000000,
6,4,1-field,unfiltered,seq2hla,scored,4,0.875000,0.875000,
6,4,1-field,unfiltered,hlaminer,scored,4,0.375000,0.375000,
6,4,1-field,unfiltered,phlat,scored,4,1.000000,1.000000,
6,4,1-field,unfiltered,hlavbseq,scored,4,1.000000,1.000000,
6,4,1-field,unfiltered,hlahd,scored,4,1.000000,1.000000,
6,4,1-field,unfiltered,hisat,scored,4,1.000000,1.000000,
6,4,1-field,unfiltered,hlaforest,scored,4,0.875000,0.875000,
6,4,1-field,unfiltered,hlapers,scored,4,1.000000,1.000000,
6,4,1-field,unfiltered,T1K,scored,4,1.000000,1.000000,
6,4,1-field,unfiltered,rna2hla,scored,4,0.875000,0.875000,
6,4,1-field,filtered,arcas,scored,4,1.000000,1.000000,
6,4,1-field,filtered,optitype,scored,4,1.000000,1.000000,
6,4,1-field,filtered,seq2hla,scored,4,1.000000,1.000000,
6,4,1-field,filtered,hlaminer,scored,4,1.000000,1.000000,
6,4,1-field,filtered,phlat,scored,4,1.000000,1.000000,
6,4,1-field,filtered,hlavbseq,scored,4,1.000000,1.000000,
6,4,1-field,filtered,hlahd,scored,4,1.000000,1.000000,
6,4,1-field,filtered,hisat,scored,4,1.000000,1.000000,
6,4,1-field,filtered,hlaforest,scored,4,1.000000,1.000000,
6,4,1-field,filtered,hlapers,scored,4,1.000000,1.000000,
6,4,1-field,filtered,T1K,scored,4,1.000000,1.000000,
6,4,1-field,filtered,rna2hla,scored,4,1.000000,1.000000,
6,4,2-field,unfiltered,arcas,scored,4,1.000000,1.000000,
6,4,2-field,unfiltered,optitype,scored,4,0.875000,0.875000,
6,4,2-field,unfiltered,seq2hla,scored,4,0.625000,0.625000,
6,4,2-field,unfiltered,hlaminer,scored,4,0.125000,0.125000,
6,4,2-field,unfiltered,phlat,scored,4,1.000000,1.000000,
6,4,2-field,unfiltered,hlavbseq,scored,4,0.750000,0.750000,
6,4,2-field,unfiltered,hlahd,scored,4,0.875000,0.875000,
6,4,2-field,unfiltered,hisat,scored,4,0.875000,0.875000,
6,4,2-field,unfiltered,hlaforest,scored,4,0.375000,0.375000,
6,4,2-field,unfiltered,hlapers,scored,4,0.750000,0.750000,
6,4,2-field,unfiltered,T1K,scored,4,0.875000,0.875000,
6,4,2-field,unfiltered,rna2hla,scored,4,0.625000,0.625000,
6,4,2-field,filtered,arcas,scored,4,1.000000,1.000000,
6,4,2-field,filtered,optitype,scored,4,1.000000,1.000000,
6,4,2-field,filtered,seq2hla,scored,4,1.000000,1.000000,
6,4,2-field,filtered,hlaminer,scored,4,1.000000,1.000000,
6,4,2-field,filtered,phlat,scored,4,1.000000,1.000000,
6,4,2-field,filtered,hlavbseq,scored,4,1.000000,1.000000,
6,4,2-field,filtered,hlahd,scored,4,1.000000,1.000000,
6,4,2-field,filtered,hisat,scored,4,1.000000,1.000000,
6,4,2-field,filtered,hlaforest,scored,4,1.000000,1.000000,
6,4,2-field,filtered,hlapers,scored,4,1.000000,1.000000,
6,4,2-field,filtered,T1K,scored,4,1.000000,1.000000,
6,4,2-field,filtered,rna2hla,scored,4,1.000000,1.000000,
7,20,1-field,unfiltered,arcas,scored,20,0.435000,0.325000,0.600000
7,20,1-field,unfiltered,optitype,partial,19,0.278947,0.464912,0.000000
7,20,1-field,unfiltered,seq2hla,not run,0,,,
7,20,1-field,unfiltered,hlaminer,partial,17,0.164706,0.058824,0.323529
7,20,1-field,unfiltered,phlat,not run,0,,,
7,20,1-field,unfiltered,hlavbseq,scored,20,0.300000,0.158333,0.512500
7,20,1-field,unfiltered,hlahd,not run,0,,,
7,20,1-field,unfiltered,hisat,not run,0,,,
7,20,1-field,unfiltered,hlaforest,not run,0,,,
7,20,1-field,unfiltered,hlapers,scored,20,0.800000,0.783333,0.825000
7,20,1-field,unfiltered,T1K,unusable,0,,,
7,20,1-field,unfiltered,rna2hla,scored,20,0.555000,0.408333,0.775000
7,20,1-field,filtered,arcas,scored,20,0.437186,0.327731,0.600000
7,20,1-field,filtered,optitype,partial,19,0.286486,0.486239,0.000000
7,20,1-field,filtered,seq2hla,not run,0,,,
7,20,1-field,filtered,hlaminer,partial,17,0.164706,0.058824,0.323529
7,20,1-field,filtered,phlat,not run,0,,,
7,20,1-field,filtered,hlavbseq,scored,20,0.618557,0.950000,0.532468
7,20,1-field,filtered,hlahd,not run,0,,,
7,20,1-field,filtered,hisat,not run,0,,,
7,20,1-field,filtered,hlaforest,not run,0,,,
7,20,1-field,filtered,hlapers,scored,20,0.860215,0.783333,1.000000
7,20,1-field,filtered,T1K,unusable,0,,,
7,20,1-field,filtered,rna2hla,scored,20,0.702532,0.556818,0.885714
7,20,2-field,unfiltered,arcas,scored,20,0.195000,0.175000,0.225000
7,20,2-field,unfiltered,optitype,partial,19,0.231579,0.385965,0.000000
7,20,2-field,unfiltered,seq2hla,not run,0,,,
7,20,2-field,unfiltered,hlaminer,partial,17,0.094118,0.019608,0.205882
7,20,2-field,unfiltered,phlat,not run,0,,,
7,20,2-field,unfiltered,hlavbseq,scored,20,0.115000,0.100000,0.137500
7,20,2-field,unfiltered,hlahd,not run,0,,,
7,20,2-field,unfiltered,hisat,not run,0,,,
7,20,2-field,unfiltered,hlaforest,not run,0,,,
7,20,2-field,unfiltered,hlapers,scored,20,0.410000,0.350000,0.500000
7,20,2-field,unfiltered,T1K,unusable,0,,,
7,20,2-field,unfiltered,rna2hla,scored,20,0.415000,0.275000,0.625000
7,20,2-field,filtered,arcas,scored,20,0.260000,0.212121,0.352941
7,20,2-field,filtered,optitype,partial,19,0.257310,0.463158,0.000000
7,20,2-field,filtered,seq2hla,not run,0,,,
7,20,2-field,filtered,hlaminer,partial,17,0.101266,0.020833,0.225806
7,20,2-field,filtered,phlat,not run,0,,,
7,20,2-field,filtered,hlavbseq,scored,20,0.389831,0.750000,0.255814
7,20,2-field,filtered,hlahd,not run,0,,,
7,20,2-field,filtered,hisat,not run,0,,,
7,20,2-field,filtered,hlaforest,not run,0,,,
7,20,2-field,filtered,hlapers,scored,20,0.987952,1.000000,0.975610
7,20,2-field,filtered,T1K,unusable,0,,,
7,20,2-field,filtered,rna2hla,scored,20,0.798077,0.660000,0.925926
8,3,1-field,unfiltered,arcas,scored,3,0.333333,0.222222,0.500000
8,3,1-field,unfiltered,optitype,scored,3,0.266667,0.444444,0.000000
8,3,1-field,unfiltered,seq2hla,scored,3,0.400000,0.222222,0.666667
8,3,1-field,unfiltered,hlaminer,scored,3,0.333333,0.222222,0.500000
8,3,1-field,unfiltered,phlat,not run,0,,,
8,3,1-field,unfiltered,hlavbseq,scored,3,0.433333,0.444444,0.416667
8,3,1-field,unfiltered,hlahd,scored,3,0.266667,0.222222,0.333333
8,3,1-field,unfiltered,hisat,scored,3,0.000000,0.000000,0.000000
8,3,1-field,unfiltered,hlaforest,scored,3,0.266667,0.111111,0.500000
8,3,1-field,unfiltered,hlapers,scored,3,0.600000,0.722222,0.416667
8,3,1-field,unfiltered,T1K,scored,3,0.366667,0.166667,0.666667
8,3,1-field,unfiltered,rna2hla,scored,3,0.333333,0.222222,0.500000
8,3,1-field,filtered,arcas,scored,3,0.357143,0.250000,0.500000
8,3,1-field,filtered,optitype,scored,3,0.320000,0.615385,0.000000
8,3,1-field,filtered,seq2hla,scored,3,0.400000,0.222222,0.666667
8,3,1-field,filtered,hlaminer,scored,3,0.333333,0.222222,0.500000
8,3,1-field,filtered,phlat,not run,0,,,
8,3,1-field,filtered,hlavbseq,scored,3,0.650000,0.888889,0.454545
8,3,1-field,filtered,hlahd,scored,3,0.266667,0.222222,0.333333
8,3,1-field,filtered,hisat,scored,3,0.000000,0.000000,0.000000
8,3,1-field,filtered,hlaforest,scored,3,0.333333,0.166667,0.500000
8,3,1-field,filtered,hlapers,scored,3,0.692308,0.764706,0.555556
8,3,1-field,filtered,T1K,scored,3,0.440000,0.230769,0.666667
8,3,1-field,filtered,rna2hla,scored,3,0.333333,0.222222,0.500000
8,3,2-field,unfiltered,arcas,scored,3,0.200000,0.055556,0.416667
8,3,2-field,unfiltered,optitype,scored,3,0.166667,0.277778,0.000000
8,3,2-field,unfiltered,seq2hla,scored,3,0.266667,0.111111,0.500000
8,3,2-field,unfiltered,hlaminer,scored,3,0.000000,0.000000,0.000000
8,3,2-field,unfiltered,phlat,not run,0,,,
8,3,2-field,unfiltered,hlavbseq,scored,3,0.200000,0.111111,0.333333
8,3,2-field,unfiltered,hlahd,scored,3,0.266667,0.222222,0.333333
8,3,2-field,unfiltered,hisat,scored,3,0.000000,0.000000,0.000000
8,3,2-field,unfiltered,hlaforest,scored,3,0.166667,0.000000,0.416667
8,3,2-field,unfiltered,hlapers,scored,3,0.133333,0.055556,0.250000
8,3,2-field,unfiltered,T1K,scored,3,0.266667,0.055556,0.583333
8,3,2-field,unfiltered,rna2hla,scored,3,0.266667,0.111111,0.500000
8,3,2-field,filtered,arcas,scored,3,0.250000,0.076923,0.454545
8,3,2-field,filtered,optitype,scored,3,0.238095,0.555556,0.000000
8,3,2-field,filtered,seq2hla,scored,3,0.307692,0.125000,0.600000
8,3,2-field,filtered,hlaminer,scored,3,0.000000,0.000000,0.000000
8,3,2-field,filtered,phlat,not run,0,,,
8,3,2-field,filtered,hlavbseq,scored,3,0.600000,1.000000,0.500000
8,3,2-field,filtered,hlahd,scored,3,0.266667,0.222222,0.333333
8,3,2-field,filtered,hisat,scored,3,0.000000,0.000000,0.000000
8,3,2-field,filtered,hlaforest,scored,3,0.238095,0.000000,0.454545
8,3,2-field,filtered,hlapers,scored,3,0.400000,0.333333,0.428571
8,3,2-field,filtered,T1K,scored,3,0.363636,0.090909,0.636364
8,3,2-field,filtered,rna2hla,scored,3,0.285714,0.125000,0.500000
