ERR,A,A.1,B,B.1,C,C.1,DQB1,DQB1.1,DRB1,DRB1.1
SRR7881399,A*03:437Q,A*03:437Q,B*44:568Q,B*27:05:07,C*04:09L,C*02:205Q,DQB1*03:01:01:73,DQB1*05:275,DRB1*11:01:01,DRB1*01:01:01
SRR7881400,A*01:173,A*25:01:01,B*18:01:01,B*49:01:01,C*07:01:50,C*12:472,DQB1*06:04:01,DQB1*06:326,DRB1*10:38,DRB1*13:02:01
SRR7881401,A*33:01:01,A*03:437Q,B*15:16:01,B*44:568Q,C*04:09L,C*04:09L,DQB1*02:02:01,DQB1*05:275,DRB1*10:38,DRB1*01:01:01
SRR7881402,A*33:252,A*33:01:01,B*44:568Q,B*15:16:04,C*04:09L,C*04:09L,DQB1*02:05,DQB1*05:275,DRB1*01:01:01,DRB1*10:38
SRR7881403,A*33:01:01,A*03:437Q,B*15:16:01,B*44:568Q,C*04:09L,C*04:09L,DQB1*02:02:01,DQB1*05:275,DRB1*01:01:01,DRB1*10:38
SRR7881404,A*03:437Q,A*26:248,B*44:568Q,B*57:03:10,C*06:274,C*04:09L,DQB1*06:09:01,DQB1*06:326,DRB1*13:02:08,DRB1*10:38
SRR7881405,A*33:243,A*33:268,B*45:01:01,B*14:02:01,C*08:02:22,C*08:304,DQB1*06:03:01,DQB1*02:02:26,DRB1*07:01:01,DRB1*10:38
SRR7881406,A*29:148,A*29:02:24,B*44:568Q,B*82:01:01,C*03:02:02,C*16:01:01,DQB1*06:96:02,DQB1*06:279,DRB1*10:38,DRB1*11:01:02
SRR7881407,A*02:01:231,A*23:17:01,B*15:03:01,B*44:568Q,C*05:01:15,C*02:10:01,DQB1*03:01:01:73,DQB1*05:275,DRB1*01:152,DRB1*11:03:01
SRR7881408,A*03:458Q,A*03:437Q,B*44:568Q,B*44:568Q,C*04:09L,C*05:01:15,DQB1*03:01:01:73,DQB1*03:01:01:73,DRB1*04:01:01,DRB1*08:04:01
SRR7881409,A*32:01:01,A*03:437Q,B*07:02:62,B*44:568Q,C*04:09L,C*04:09L,DQB1*05:275,DQB1*06:02:01,DRB1*10:38,DRB1*01:01:01
SRR7881410,A*03:437Q,A*30:02:01,B*44:568Q,B*57:01:01,C*04:09L,C*05:202Q,DQB1*03:137,DQB1*03:319,DRB1*03:01:01,DRB1*07:01:01
SRR7881411,A*03:437Q,A*03:437Q,B*44:568Q,B*18:01:03,C*04:09L,C*04:09L,DQB1*03:319,DQB1*05:03:01:01,DRB1*09:01:02,DRB1*10:38
SRR7881412,A*25:01:01,A*25:01:01,B*40:447,B*44:568Q,C*12:03:50,C*03:359,DQB1*03:616,DQB1*02:241,DRB1*07:01:01,DRB1*04:01:01
SRR7881413,A*02:1250Q,A*03:437Q,B*37:01:01,B*44:568Q,C*16:01:46,C*04:09L,DQB1*02:02:01,DQB1*06:326,DRB1*07:01:01,DRB1*10:38
SRR7881414,A*68:250,A*68:02:01,B*44:568Q,B*53:01:01,C*03:04:02,C*04:09L,DQB1*03:319,DQB1*03:19:01,DRB1*08:04:01,DRB1*08:04:01
SRR7881416,A*29:01:01:01,A*03:437Q,B*08:190,B*44:568Q,C*05:01:12,C*05:202Q,DQB1*06:107,DQB1*06:326,DRB1*03:16,DRB1*10:38
SRR7881421,A*03:437Q,A*34:02:01,B*13:123Q,B*44:568Q,C*17:85Q,C*04:09L,DQB1*05:03:01:01,DQB1*05:02:01,DRB1*15:03:01,DRB1*10:38
SRR7881422,A*31:234,A*31:111,B*44:568Q,B*44:568Q,C*04:09L,C*04:09L,DQB1*05:217,DQB1*05:275,DRB1*01:01:01,DRB1*10:38
SRR7881423,A*33:240,A*33:293,B*40:79,B*40:616,C*03:02:02,C*03:03:01:32,DQB1*06:217,DQB1*05:02:01,DRB1*10:38,DRB1*13:02:01
